code,product_name,categories_en,ingredients_text,additives_en,nutrition_grade_fr,energy_100g,fat_100g,sugars_100g,proteins_100g,salt_100g,carbohydrates_100g,cholesterol_100g,fiber_100g,sodium_100g,vitamin-a_100g,vitamin-c_100g,vitamin-b1_100g,vitamin-b2_100g,vitamin-pp_100g,vitamin-b9_100g,iron_100g
0011110001207,White enriched bread,"Plant-based foods and beverages,Plant-based foods,Cereals and potatoes,Breads","ENRICHED _WHEAT_ FLOUR (FLOUR, MALTED BARLEY FLOUR, REDUCED IRON, NIACIN, THIAMINE MONONITRATE, RIBOFLAVIN, FOLIC ACID), WATER, HIGH FRUCTOSE CORN SYRUP, YEAST, _SOYBEAN_ OIL, SALT, CALCIUM PROPIONATE, MONOGLYCERIDES, DIGLYCERIDES, CALCIUM SULFATE, _WHEAT_ _GLUTEN_, DATEM, GRAIN VINEGAR, MONOCALCIUM PHOSPHATE, SOY LECITHIN, CITRIC ACID, CORNSTARCH, CALCIUM IODATE, POTASSIUM IODATE, CALCIUM PHOSPHATE. CONTAINS: SOY, WHEAT. I  ","E101 - Riboflavin,E101i - Riboflavin,E282 - Calcium propionate,E322 - Lecithins,E322i - Lecithin,E330 - Citric acid,E341 - Calcium phosphates,E341i - Monocalcium phosphate,E375 - Nicotinic acid,E472e - Mono- and diacetyltartaric acid esters of mono- and diglycerides of fatty acids,E516 - Calcium sulphate,E916 - Calcium iodate,E917 - Potassium iodate",b,1050.0,1.79,7.14,7.14,1.22,50.0,0.0,3.57,0.482,0.0,0.0,0.000429,0.000243,0.00286,8.57e-05,0.00257
0011110020109,Hamburger enriched buns,"Plant-based foods and beverages,Plant-based foods,Cereals and potatoes,Breads","ENRICHED _WHEAT_ FLOUR (FLOUR, MALTED BARLEY FLOUR, REDUCED IRON, Niacin, THIAMINE MONONIRATE, RIBOFLAVIN, FOLIC ACID), WATER, HIGH FRUCTOSE CORN SYRUP, YEAST, _SOYBEAN_ OIL, _WHEAT_ _GLUTEN_, SALT, Monoglycerides, Diglycerides, CALCIUM PROPIONATE, DATEM, CALCIUM SULFATE, GRAIN VINEGAR, CITRIC ACID, _SOY_ LECITHIN, POTASSIUM IODATE, MONOCALCIUM PHOSPHATE.","E101 - Riboflavin,E101i - Riboflavin,E282 - Calcium propionate,E322 - Lecithins,E322i - Lecithin,E330 - Citric acid,E341 - Calcium phosphates,E341i - Monocalcium phosphate,E375 - Nicotinic acid,E472e - Mono- and diacetyltartaric acid esters of mono- and diglycerides of fatty acids,E516 - Calcium sulphate,E917 - Potassium iodate",b,1170.0,2.33,6.98,9.3,1.18,51.2,0.0,2.33,0.465,0.0,0.0,0.000349,0.000237,0.00279,9.3e-05,0.00335
0011110026460,White Hamburger Enriched Buns,"Plant-based foods and beverages,Plant-based foods,Cereals and potatoes,Breads,Special breads,Hamburger buns","Water, enriched flour (wheat flour, malted barley, niacin, reduced iron, thiamine mononitrate, riboflavin, folic acid), soy fiber, high fructose corn syrup, wheat gluten, oat fiber, calcium sulfate, yeast. contains 2% or less of: salt, vinegar, soy flour, soybean oil, sodium stearoyl lactylate, guar gum, mono- and diglycerides, ammonium sulfate, ascorbic acid, calcium iodate, calcium propionate (preservative).","E101 - Riboflavin,E101i - Riboflavin,E282 - Calcium propionate,E300 - Ascorbic acid,E375 - Nicotinic acid,E412 - Guar gum,E471 - Mono- and diglycerides of fatty acids,E481 - Sodium stearoyl-2-lactylate,E516 - Calcium sulphate,E517 - Ammonium sulphate,E916 - Calcium iodate",a,778.0,1.16,4.65,9.3,1.23952,44.19,0.0,9.3,0.488,0.0,0.0,0.007,0.007907,0.00093,4.3e-05,0.00167
0011150981248,Wheat Hamburger Buns,"Plant-based foods and beverages,Plant-based foods,Cereals and potatoes,Breads,Special breads,Hamburger buns","Enriched wheat flour (flour, malted barley flour, reduced iron, niacin, thiamin mononitrate [vitamin b1], riboflavin [vitamin b2], folic acid), water, whole wheat flour, high fructose corn syrup, yeast, soybean oil, wheat gluten, salt, monoglycerides, calcium sulfate, calcium propionate (preservative), datem, caramel color, monocalcium phosphate, cornstarch, potassium iodate, soy lecithin.","E101 - Riboflavin,E101i - Riboflavin,E150a - Plain caramel,E282 - Calcium propionate,E322 - Lecithins,E322i - Lecithin,E341 - Calcium phosphates,E341i - Monocalcium phosphate,E375 - Nicotinic acid,E472e - Mono- and diacetyltartaric acid esters of mono- and diglycerides of fatty acids,E516 - Calcium sulphate,E917 - Potassium iodate",b,1167.0,4.65,6.98,9.3,1.3589,51.16,0.0,2.3,0.535,0.0,0.0,0.003,0.002372,0.002791,4.3e-05,0.00335
0011150992121,Sliced Hamburger Buns,"Plant-based foods and beverages,Plant-based foods,Cereals and potatoes,Breads,Special breads,Hamburger buns","Enriched wheat flour [flour, malted barley flour, reduced iron, niacin, thiamin mononitrate (vitamin b1), riboflavin (vitamin b2), folic acid], water, high fructose corn syrup, yeast, soybean oil, wheat gluten, salt, mono- and diglycerides, calcium propionate (preservative), datem, calcium sulfate, grain vinegar, citric acid , soy lecithin, potassium iodate, monocalcium phosphate.","E101 - Riboflavin,E101i - Riboflavin,E282 - Calcium propionate,E322 - Lecithins,E322i - Lecithin,E330 - Citric acid,E341 - Calcium phosphates,E341i - Monocalcium phosphate,E375 - Nicotinic acid,E471 - Mono- and diglycerides of fatty acids,E472e - Mono- and diacetyltartaric acid esters of mono- and diglycerides of fatty acids,E516 - Calcium sulphate,E917 - Potassium iodate",b,1180.0,2.56,5.13,7.69,1.17348,51.28,0.0,2.6,0.462,0.0,0.0,0.004,0.002615,0.003077,3.9e-05,0.00277
0011225033674,8 Hamburger Buns,"Plant-based foods and beverages,Plant-based foods,Cereals and potatoes,Breads,Special breads,Hamburger buns","Enriched _Wheat_ Flour (Flour, Malted _Barley_ Flour, Reduced Iron, Niacin, Thiamin Mononitrate (Vitamin B1), Riboflavin (Vitamin B2), Folic Acid), Water, High Fructose Corn Syrup, Yeast, _Soybean_ Oil, _Wheat_  _Gluten_, Salt, Monoglycerides, Calcium Propionate (Preservative), Calcium Sulfate, DATEM, Grain Vinegar, Citric Acid, Potassium Iodate, Soy Lecithin, Sesame Seeds, _Soy_ Flour.","E101 - Riboflavin,E101i - Riboflavin,E282 - Calcium propionate,E322 - Lecithins,E322i - Lecithin,E330 - Citric acid,E375 - Nicotinic acid,E472e - Mono- and diacetyltartaric acid esters of mono- and diglycerides of fatty acids,E516 - Calcium sulphate,E917 - Potassium iodate",b,1170.0,3.49,4.65,9.3,1.36,53.5,0.0,2.33,0.535,0.0,0.0,0.000523,0.000316,0.00372,9.3e-05,0.00251
0014100070337,Farmhouse Oatmeal,"Plant-based foods and beverages,Plant-based foods,Cereals and potatoes,Breads","Unbromated unbleached enriched _wheat_ flour (flour, niacin, reduced iron, thiamine mononitrate [vitamin b1], riboflavin [vitamin b2], folic acid), water, oats, high fructose corn syrup, yeast, _soybean_ oil; contains 2% or less of: salt, _wheat_ _gluten_, butter (_milk_), sodium stearoyl lactylate, citric acid, calcium propionate, sorbic acid, monoglycerides, diglycerides, whey, malted barley flour, _soy_ lecithin.","E101 - Riboflavin,E101i - Riboflavin,E200 - Sorbic acid,E282 - Calcium propionate,E322 - Lecithins,E322i - Lecithin,E330 - Citric acid,E375 - Nicotinic acid,E481 - Sodium stearoyl-2-lactylate",a,279.0,4.65,6.98,9.3,1.18,51.2,0.0,2.33,0.465,0.0,0.0,0.000279,0.000237,0.00372,7.44e-05,0.00251
0014100074670,Farmhouse Sourdough,"Plant-based foods and beverages,Plant-based foods,Cereals and potatoes,Breads","Unbromated unbleached enriched _wheat_ flour (flour, niacin, reduced iron, thiamine mononitrate [vitamin b1], riboflavin [vitamin b2], folic acid), water, yeast, _wheat_ flour, high fructose corn syrup, soybean oil; 2% or less of: salt, rye flour, potato flour, lactic acid, monoglycerides, diglycerides, sodium stearoyl lactylate, citric acid, calcium propionate, sorbic acid, _wheat_ _gluten_, butter (_milk_), whey, malted barley flour, _soy_ lecithin.","E101 - Riboflavin,E101i - Riboflavin,E200 - Sorbic acid,E270 - Lactic acid,E282 - Calcium propionate,E322 - Lecithins,E322i - Lecithin,E330 - Citric acid,E375 - Nicotinic acid,E481 - Sodium stearoyl-2-lactylate",b,1170.0,3.49,4.65,9.3,1.3,51.2,0.0,2.33,0.512,0.0,0.0,0.000279,0.000316,0.00372,5.58e-05,0.00251
0014100085393,Goldfish Colors,"Salty snacks,Appetizers,Crackers","Unbleached enriched wheat flour (flour, niacin, reduced iron, thiamine mononitrate [vitamin B1], riboflavin [vitamin B2], folic acid), cheddar cheese (cultured milk, salt, enzymes, annatto), vegetable oils (canola, sunflower and/or soybean), contains 2 percent or less of: salt, yeast, autolyzed yeast, sugar, spices, dehydrated onions, leavening (monocalcium phosphate, ammonium bicarbonate, baking soda) and annatto extract, beet juice concentrate, paprika extract, paprika, turmeric extract, huito juice concentrate, watermelon juice concentrate for color","E100 - Curcumin,E101 - Riboflavin,E101i - Riboflavin,E160b - Annatto,E160c - Paprika extract,E341 - Calcium phosphates,E341i - Monocalcium phosphate,E375 - Nicotinic acid",d,1950.0,16.7,3.33,10.0,2.03,66.7,0.0167,3.33,0.8,0.0001,0.0,0.0005,0.000567,0.00533,0.000133,0.0036
0014100085485,Goldfish Flavor Blasted Xtra Cheddar,"Salty snacks,Appetizers,Crackers","UNBLEACHED ENRICHED _WHEAT_ FLOUR (FLOUR, NIACIN, REDUCED IRON, THIAMINE MONONITRATE [VITAMIN B1], RIBOFLAVIN [VITAMIN B2], FOLIC ACID), CHEDDAR CHEESE ([CULTURED _MILK_, SALT, ENZYMES], ANNATTO), VEGETABLE OILS (CANOLA, SUNFLOWER AND/OR _SOYBEAN_), SALT, CONTAINS 2 PERCENT OR LESS OF: SUGAR, YEAST, WHEY, AUTOLYZED YEAST, YELLOW CORN FLOUR, LEAVENING (BAKING SODA, MONOCALCIUM PHOSPHATE, AMMONIUM BICARBONATE), CHEDDAR CHEESE (MILK, SALT, CULTURES, ENZYMES), TORULA YEAST, PAPRIKA, ENZYME MODIFIED CHEDDAR CHEESE (MILK, CULTURES, SALT, ENZYMES), DEHYDRATED ONIONS, SPICES (CONTAINS CELERY), YEAST EXTRACT, DEHYDRATED GARLIC, CITRIC ACID, PAPRIKA EXTRACT FOR COLOR, LACTIC ACID, CALCIUM LACTATE. NATURAL FLAVORS AND MILKFAT.","E101 - Riboflavin,E101i - Riboflavin,E160b - Annatto,E270 - Lactic acid,E327 - Calcium lactate,E330 - Citric acid,E341 - Calcium phosphates,E341i - Monocalcium phosphate,E375 - Nicotinic acid",d,1950.0,16.7,3.33,13.3,2.29,63.3,0.0167,3.33,0.9,0.0,0.0,0.0005,0.000567,0.00533,0.000133,0.0036
0016000141568,Lucky Charms Cup,"Plant-based foods and beverages,Plant-based foods,Breakfasts,Cereals and potatoes,Cereals and their products,Breakfast cereals,Puffed grains,Puffed cereals,Puffed oat","Whole Grain Oats, Sugar, Oat Flour, Corn* Syrup, Modified Corn** Starch, Dextrose, Salt, Gelatin (Beef), Antioxidant: Trisodium Phosphate (E339) and Mixed Tocopherols (Vitamin E), Canola Oil, Natural and Artificial Flavours, Artificial Colours: Tartrazine (E102)**, Sunset Yellow (E110)**, Allura Red (E129)** and Brilliant Blue (E133), Vitamins and Minerals: Calcium Carbonate (E170), Zinc, Iron, Sodium Ascorbate (Vitamin C), Niacinamide, Pyridoxine Hydrochloride (Vitamin B6), Riboflavin (Vitamin B2), Palmitate (Vitamin A), Thiamin Mononitrate (Vitamin B1), Folic Acid, Vitamin B12, Vitamin D3, * Genetically Modified, ** May have an adverse effect on activity and attention in children","E101 - Riboflavin,E101i - Riboflavin,E102 - Tartrazine,E110 - Sunset yellow FCF,E129 - Allura red ac,E133 - Brilliant blue FCF,E170 - Calcium carbonate,E301 - Sodium ascorbate,E307c - Tocopherol,E339 - Sodium phosphates,E339iii - Trisodium phosphate,E428 - Gelatine",d,1570.0,4.17,35.4,8.33,1.64,81.2,0.0,6.25,0.646,0.000469,0.0187,93.8,0.00159,0.0187,0.000667,0.0169
0016000275263,Cheerios,"Plant-based foods and beverages,Plant-based foods,Breakfasts,Cereals and potatoes,Cereals and their products,Breakfast cereals","Whole Grain _Oats_, Corn Starch, Sugar, Salt, Tripotassium Phosphate, _Wheat_ Starch, Vitamin E (mixed tocopherols) Added to Preserve Freshness, Vitamins and Minerals (Calcium Carbonate, Iron, Zinc (mineral nutrients), Vitamin C (sodium ascorbate), A B Vitamin (niacinamide), Vitamin B5 (pyridoxine hydrochioride), Vitamin A (palmitate), Vitamin B1 (thiamin mononitrate), A B Vitamin (folic acid), Vitamin B12, Vitamin D3)","E170 - Calcium carbonate,E301 - Sodium ascorbate,E340 - Potassium phosphates,E340iii - Tripotassium phosphate",b,1490.0,7.14,3.57,10.7,1.27,71.4,0.0,10.7,0.5,0.000536,0.0214,0.00134,0.000121,0.0179,0.000714,0.0289
0016000275294,Raisin Nut Bran,"Plant-based foods and beverages,Plant-based foods,Breakfasts,Cereals and potatoes,Cereals and their products,Breakfast cereals","Whole Grain _Wheat_, Sugar, Raisins, _Almonds_, Corn Bran, Corn Syrup, Brown Sugar Syrup, Partially Hydrogenated Cottonseed and/or _Soybean_ Oil, Salt, Glycerin, Molasses, Corn Starch, _Soy_ Lecithin, Trisodium Phosphate, Natural and Artificial Flavor","E322 - Lecithins,E322i - Lecithin,E339 - Sodium phosphates,E339iii - Trisodium phosphate,E422 - Glycerol",c,1540.0,6.12,28.6,8.16,1.14,81.6,0.0,12.2,0.449,0.0,0.0,0.000765,0.000867,0.0102,0.000204,0.00918
0016000275324,Mini Trix,"Plant-based foods and beverages,Plant-based foods,Breakfasts,Cereals and potatoes,Cereals and their products,Breakfast cereals","Whole Grain Corn, Sugar, Corn Meal, Corn Syrup, Rice Bran and/or Canola Oil, Salt, Trisodium Phosphate, Natural and Artificial Flavor, Red 40, Yellow 6, Blue 1, and Other Color Added, Citric Acid, Malic Acid. Vitamins and Minerals: Calcium Carbonate, Tricalcium Phosphate, Zinc and Iron (mineral nutrients), Vitamin C (sodium ascorbic), A B Vitamin (niacinamide), Vitamin B6 (pyridoxine hydrochloride), Vitamin B2 (riboflavin), Vitamin B1 (thiamin mononitrate), Vitamin A (palmitate), A B Vitamin (folic acid), Vitamin B12, Vitamin D3.","E101 - Riboflavin,E101i - Riboflavin,E110 - Sunset yellow FCF,E129 - Allura red ac,E133 - Brilliant blue FCF,E170 - Calcium carbonate,E330 - Citric acid,E339 - Sodium phosphates,E339iii - Trisodium phosphate,E341 - Calcium phosphates,E341iii - Tricalcium phosphate",d,1570.0,4.69,31.2,3.12,1.27,84.4,0.0,3.12,0.5,0.000469,0.0187,0.00117,0.00133,0.0156,0.000313,0.0141
0016000275348,Lucky Charms,"Plant-based foods and beverages,Plant-based foods,Breakfasts,Cereals and potatoes,Cereals and their products,Breakfast cereals,Cereales-pour-petit-dejeuner","Whole Grain Oats, Sugar, Oat Flour, Corn Syrup, Modified Corn Starch, Corn Starch, Dextrose, Salt, Gelatin, Trisodium Phosphate, Yellow 5 & 6, Red 40, Blue 1 and Other Color Added, Natural and Artificial Flavor. Vitamin E (mixed tocopherols) Added to Preserve Freshness. Vitamins and Minerals: Calcium Carbonate, Zinc and Iron (mineral nutrients), Vitamin C (sodium ascorbic), A B Vitamin (niacinamide), Vitamin B6 (pyridoxine hydrochloride), Vitamin B2 (riboflavin), Vitamin B1 (thiamin mononitrate), Vitamin A (palmitate), A B Vitamin (folic acid), Vitamin B12, Vitamin D3.","E101 - Riboflavin,E101i - Riboflavin,E129 - Allura red ac,E170 - Calcium carbonate,E339 - Sodium phosphates,E339iii - Trisodium phosphate,E428 - Gelatine",d,1700.0,3.7,37.0,7.41,1.6,81.5,0.0,7.41,0.63,0.000556,0.0222,92.6,0.00157,0.0185,0.000741,0.0167
0016000275713,Honey Nut Cheerios,"Plant-based foods and beverages,Plant-based foods,Breakfasts,Cereals and potatoes,Cereals and their products,Breakfast cereals","Whole Grain Oats, Sugar, Oat Bran, Corn Starch, Honey, Brown Sugar Syrup, Salt, Tripotassium Phosphate, Rice Bran and/or Canola Oil, Natural _Almond_ Flavor. Vitamin E (mixed tocopherols)Added to Preserve Freshness. Vitamins and Minerals: Calcium Carbonate, Zinc and Iron (mineral nutrients), Vitamin C (sodium ascorbate), A B Vitamin (niacinamide), Vitamin B6 (pyridoxine hydrochloride), Vitamin B2 (riboflavin), Vitamin B1 (thiamin mononitrate), Vitamin A (palmitate), A B Vitamin (folic acid), Vitamin B12, Vitamin D3.","E101 - Riboflavin,E101i - Riboflavin,E170 - Calcium carbonate,E301 - Sodium ascorbate,E340 - Potassium phosphates,E340iii - Tripotassium phosphate",d,1640.0,5.36,32.1,7.14,1.45,78.6,0.0,7.14,0.571,0.000536,0.0214,0.00134,0.00152,0.0179,0.000714,0.0161
0016000483668,Honey Nut Cheerios,"Plant-based foods and beverages,Plant-based foods,Breakfasts,Cereals and potatoes,Cereals and their products,Breakfast cereals","Whole Grain Oats, Sugar, Oat Bran, Corn Starch, Honey, Brown Sugar Syrup, Salt, Tripotassium Phosphate, Rice Bran Oil and/or Canola Oil, Natural _Almond_ Flavor. Vitamin E (mixed tocopherols) added to Preserve Freshness. Vitamins and Minerals: Calcium Carbonate, Zinc and Iron (mineral nutrients), Vitamin C (sodium ascorbic), A B Vitamin (niacinamide), Vitamin B6 (pyridoxine hydrochloride), Vitamin B2 (riboflavin), Vitamin B1 (thiamin mononitrate), Vitamin A (palmitate), A B Vitamin (folic acid), Vitamin B12, Vitamin D3.","E101 - Riboflavin,E101i - Riboflavin,E170 - Calcium carbonate,E340 - Potassium phosphates,E340iii - Tripotassium phosphate",d,1640.0,5.36,32.1,7.14,1.45,78.6,0.0,7.14,0.571,0.000536,0.0214,0.00134,0.00152,0.0179,0.000714,0.0161
0016000486249,Spongebob Squarepants Fruity Splash,"Plant-based foods and beverages,Plant-based foods,Breakfasts,Cereals and potatoes,Cereals and their products,Breakfast cereals","Whole Grain Corn, Sugar, Corn Syrup, Canola and/or Rice Bran Oil, Salt, Color Added, Trisodium Phosphate, Natural Flavor, Pineapple Juice Concentrate. Vitamins and Minerals: Calcium Carbonate, Tricalcium Phosphate, Zinc and Iron (mineral nutrients), Vitamin C (sodium ascorbate), A B Vitamin (niacinamide), Vitamin B6 (pyridoxine hydrochloride), Vitamin B2 (riboflavin), Vitamin B1 (thiamin mononitrate), Vitamin A (palmitate), A B Vitamin (folic acid), Vitamin B12, Vitamin D3.","E101 - Riboflavin,E101i - Riboflavin,E170 - Calcium carbonate,E301 - Sodium ascorbate,E339 - Sodium phosphates,E339iii - Trisodium phosphate,E341 - Calcium phosphates,E341iii - Tricalcium phosphate",c,1610.0,3.85,30.8,3.85,1.12,84.6,0.0,3.85,0.442,0.000577,0.0231,0.00144,0.00163,0.0192,0.000385,0.0173
0016000487727,Cheerios,"Plant-based foods and beverages,Plant-based foods,Cereals and potatoes,Cereals and their products","Whole Grain Oats, Corn Starch, Sugar, Salt, Tripotassium Phosphate, _Wheat_ Starch. Vitamin E (mixed tocopherols) Added to Preserver Freshness. Vitamins and Minerals: Calcium Carbonate, Iron and Zinc (mineral nutrients), Vitamin C (sodium ascorbic), A B Vitamin (niacinamide), Vitamin B6 (pyridoxine hydrochloride), Vitamin A (palmitate), Vitamin B1 (thiamin mononitrate), A B Vitamin (folic acid), Vitamin B12, Vitamin D3","E170 - Calcium carbonate,E340 - Potassium phosphates,E340iii - Tripotassium phosphate",c,1490.0,7.14,3.57,0.0,1.27,71.4,0.0,10.7,0.5,0.000536,0.0214,0.00134,0.000121,0.0179,0.000714,0.0289
0016000487949,Rice Chex,"Plant-based foods and beverages,Plant-based foods,Breakfasts,Cereals and potatoes,Cereals and their products,Breakfast cereals","Whole Grain Rice, Rice, Sugar, Salt, Molasses, Vitamin E (mixed tocopherols) and BHT Added to Preserve Freshness. Vitamins and Minerals: Calcium Carbonate, Iron and Zinc (mineral nutrients), Vitamin C (sodium ascorbic), A B Vitamin (niacinamide), Vitamin B6, (pyridoxine hydrochloride), Vitamin B2 (riboflavin), Vitamin B1 (thiamin mononitrate), Vitamin A (palmitate), A B Vitamin (folic acid), Vitamin B12, Vitamin D3.","E101 - Riboflavin,E101i - Riboflavin,E170 - Calcium carbonate",c,1550.0,1.85,7.41,7.41,2.07,85.2,0.0,3.7,0.815,0.000556,0.0222,0.00139,0.00157,0.0185,0.000741,0.0333
0024094070343,Fusilli no.34,"Plant-based foods and beverages,Plant-based foods,Cereals and potatoes,Cereals and their products,Pastas","Durum (_wheat_) semolina, niacin, ferrous lactate, thiamine mononitrate, riboflavin, folic acid.  ","E101 - Riboflavin,E101i - Riboflavin,E375 - Nicotinic acid,E585 - Ferrous lactate",a,1490.0,1.79,1.79,12.5,0.0,73.2,0.0,3.57,0.0,0.0,0.0,0.000937,0.000455,0.00714,0.000214,0.00321
0024094070787,Acini di Pepe no. 78,"Plant-based foods and beverages,Plant-based foods,Cereals and potatoes,Cereals and their products,Pastas","Durum (_wheat_) semolina, niacin, ferrous lactate, thiamine mononitrate, riboflavin, folic acid","E101 - Riboflavin,E101i - Riboflavin,E375 - Nicotinic acid,E585 - Ferrous lactate",a,1490.0,1.79,1.79,12.5,0.0,73.2,0.0,3.57,0.0,0.0,0.0,0.000937,0.000455,0.00714,0.000214,0.00321
0024126010224,"Bunny, Hamburger Buns","Plant-based foods and beverages,Plant-based foods,Cereals and potatoes,Breads,Special breads,Hamburger buns","Unbleached enriched wheat flour (wheat flour, malted barley flour, niacin, iron, thiamin mononitrate, riboflavin, folic acid), water, corn syrup, yeast, soybean oil, contains 2% or less of the following: salt, dough conditioners (monoglycerides, sodium stearoyl lactylate, ascorbic acid, calcium peroxide), wheat gluten, calcium propionate (to retain freshness), yeast nutrients (monocalcium phosphate, calcium sulfate, ammonium sulfate), wheat starch, soy lecithin.","E101 - Riboflavin,E101i - Riboflavin,E282 - Calcium propionate,E300 - Ascorbic acid,E322 - Lecithins,E322i - Lecithin,E341 - Calcium phosphates,E341i - Monocalcium phosphate,E375 - Nicotinic acid,E481 - Sodium stearoyl-2-lactylate,E516 - Calcium sulphate,E517 - Ammonium sulphate,E930 - Calcium peroxide",b,1071.0,3.49,4.65,6.98,1.30048,48.84,0.0,2.3,0.512,0.0,0.0,0.005,0.003953,0.004651,4.3e-05,0.00251
0030000062111,Peanut Butter Crunch,"Plant-based foods and beverages,Plant-based foods,Breakfasts,Cereals and potatoes,Cereals and their products,Breakfast cereals","Corn flour, sugar, _peanut_ butter (_peanuts_, dextrose, hydrogenated vegetable oil [cottonseed and rapeseed oil]**, salt), _oat_ flour, rice flour, _coconut_ oil, salt, caramel color, niacinamide*, reduced iron, zinc oxide, BHT (a preservative), thiamin mononitrate*, pyridoxine hydrochloride*, riboflavin*, folic acid*. *One of the B vitamins **Adds a dietary insignificant amount of trans fat","E101 - Riboflavin,E101i - Riboflavin,E150a - Plain caramel,E321 - Butylated hydroxytoluene (bht)",d,1700.0,9.26,33.3,7.41,1.88,77.8,0.0,3.7,0.741,0.0,0.0,0.00139,0.00157,0.0185,0.00148,0.0167
0030000063019,Cap'n Crunch,"Plant-based foods and beverages,Plant-based foods,Breakfasts,Cereals and potatoes,Cereals and their products,Breakfast cereals","Corn flour, sugar, _oat_ flour, brown sugar, _coconut_ oil, salt, niacinamide*, yellow 5, reduced iron, zinc oxide, yellow 6, thiamin mononitrate*, BHT (a preservative), pyridoxine hydrochloride*, riboflavin*, folic acid*. *One of the B vitamins","E101 - Riboflavin,E101i - Riboflavin,E102 - Tartrazine,E110 - Sunset yellow FCF,E321 - Butylated hydroxytoluene (bht)",e,1700.0,5.56,44.4,3.7,2.07,85.2,0.0,3.7,0.815,0.0,0.0,0.00139,0.00157,0.0185,0.00148,0.0167
0031903033642,"Bashas', Hamburger Buns","Plant-based foods and beverages,Plant-based foods,Cereals and potatoes,Breads,Special breads,Hamburger buns","Unbleached enriched flour (wheat flour, malted barley flour, niacin, reduced iron, thiamin mononitrate, riboflavin, folic acid), water, high fructose corn syrup, yeast, contains 2% or less of each of the following: wheat gluten, salt, vegetable oil (soybean oil or canola oil), dough conditioners (contains one or more of the following: sodium stearoyl lactylate, calcium stearoyl lactylate, monoglycerides and/or diglycerides, calcium peroxide, calcium iodate, datem, ethoxylated mono- and diglycerides, azodicabonamide, enzymes), soy flour, calium sulfate, ammonium sulfate, ascorbic acid, monocalcium phosphate, calcium carbonate, sorbic acid, soy lecithin, calcium propionate (to retard spoilage). if seeded, sesame seeds added. if yellow, contains turmeric, paprika and corn flour.","E101 - Riboflavin,E101i - Riboflavin,E170 - Calcium carbonate,E200 - Sorbic acid,E282 - Calcium propionate,E300 - Ascorbic acid,E322 - Lecithins,E322i - Lecithin,E341 - Calcium phosphates,E341i - Monocalcium phosphate,E375 - Nicotinic acid,E471 - Mono- and diglycerides of fatty acids,E472e - Mono- and diacetyltartaric acid esters of mono- and diglycerides of fatty acids,E481 - Sodium stearoyl-2-lactylate,E517 - Ammonium sulphate,E916 - Calcium iodate,E930 - Calcium peroxide",c,1167.0,2.33,9.3,9.3,1.47574,58.14,0.0,2.3,0.581,0.0,0.0,0.005,0.003163,0.003721,4.3e-05,0.00335
00365925,Joe's O's,"Plant-based foods and beverages,Plant-based foods,Breakfasts,Cereals and potatoes,Cereals and their products,Breakfast cereals","WHOLE GRAIN _OATS_ (INCLUDES THE _OAT_ BRAN), MODIFIED CORN STARCH, SUGAR, _OAT_ FIBER, SALT, TRIPOTASSIUM PHOSPHATE, VITAMIN E (MIXED TOCOPHEROLS) ADDED TO PRESERVE FRESHNESS.  ","E340 - Potassium phosphates,E340iii - Tripotassium phosphate",b,1490.0,7.14,3.57,10.7,1.45,71.4,0.0,10.7,0.571,0.000536,0.0214,0.00134,0.00152,0.0179,0.000714,0.0289
0038000045301,Cracklin' Oat Bran,"Plant-based foods and beverages,Plant-based foods,Breakfasts,Cereals and potatoes,Cereals and their products,Breakfast cereals","Whole grain oats, sugar, _wheat_ bran, vegetable oil (palm, palm kernel and/or/_soy_bean oil with TBHQ for freshness), oat bran, corn syrup, _wheat_ starch, _coconut_, contains 2% or less of molasses, malt flavor, cinnamon, salt, baking soda, _soy_ lecithin, natural and artificial flavor, nutmeg","E322 - Lecithins,E322i - Lecithin",d,1710.0,14.3,28.6,8.16,0.7,69.4,0.0,12.2,0.276,0.000245,0.0306,0.000765,0.000867,0.0102,0.000204,0.00367
0038000219344,Rice krispies,"Plant-based foods and beverages,Plant-based foods,Breakfasts,Cereals and potatoes,Cereals and their products,Breakfast cereals","RICE. SUGAR, CONTAINS 2% OR LESS OF SALT, _MALT_ FLAVOR; BHT ADDD T0 PACKAGING FOR FRESHNESS. IRON, VITAMIN C (ASCORBIC ACID). VITAMIN E (ALPHA TOCOPHEROL ACETATE). NIACINAMIDE. VITAMIN A PALMITATE, VITAMIN B6 (PYRIDOXINE HYDROCHLORIDE), VITAMIN B2 (HIBOFLAVIN), VITAMIH B1 (THIAMIN HYDROClORIDE), FOLID ACID. VITAMIN B12. VITAMIN D.  ","E101 - Riboflavin,E101i - Riboflavin",d,1670.0,0.0,12.0,8.0,1.42,88.0,0.0,0.0,0.56,0.0009,0.036,0.0009,0.00102,0.012,0.00056,0.0252
0038000219634,Frosted Flakes,"Plant-based foods and beverages,Plant-based foods,Breakfasts,Cereals and potatoes,Cereals and their products,Breakfast cereals,Flakes,Cereal flakes,Corn flakes","MILLED CORN, SUGAR, CONTAINS 2% OR LESS OF MALT, FLAVORING, SALT, BHT FOR FRESHNESS. VITAMINS AND MINERALS: IRON, VITAMIN C (ASCORBIC ACID AND SODIUM ASCORBATE), NIACINAMIDE, VITANIIN B6 (PYRIDOXINE HYDROCHLORIDE), VITAMIN B2 (RIBOFLAVIN), VITANIIN B1 (THIAMIN HYDROCHLORIDE). VITAMIN A PALMITATE, FOLIC ACID, VITAMIN D, VITAMIN B12.  ","E101 - Riboflavin,E101i - Riboflavin,E301 - Sodium ascorbate",d,1600.0,0.0,35.3,5.88,1.2,88.2,0.0,2.94,0.471,0.000441,0.0176,0.0011,0.00125,0.0147,0.000294,0.0132
0038000391200,Froot Loops,"Plant-based foods and beverages,Plant-based foods,Breakfasts,Cereals and potatoes,Cereals and their products,Breakfast cereals","Sugar, com flour blend (whole grain yellow corn flour, degerminated yellow com flour), wheat flour, whole grain oat flour, oat fiber, soluble corn fiber, contains 2% or less of partially hydrogenated vegetable oil (coconut, soybean and/or cottonseed), salt, red 40, natural flavor, blue 2, turmeric color, yellow 6, annatto color, blue 1, BHT for freshness, Vitamin C (sodium ascorbate and ascorbic acid), niacinamide, Reduced iron, zinc oxide, vitamin B6 (pyridoxine hydrochloride), vitamin B2 (riboflavin), vitamin B1 (thiamin hydrochloride), vitamin A palmitate, folic acid, vitamin D, vitamin B12.  CONTAINS WHEAT INGREDIENTS. CORN USED IN THIS PRODUCT MAY CONTAIN TRACES OF SOYBEANS.  ","E101 - Riboflavin,E101i - Riboflavin,E110 - Sunset yellow FCF,E129 - Allura red ac,E133 - Brilliant blue FCF,E300 - Ascorbic acid",d,1590.0,3.45,41.4,3.45,1.18,89.7,0.0,10.3,0.466,0.000517,0.0517,0.00129,0.00147,0.0172,0.000345,0.0155
0038000596582,Frosted Flakes,"Plant-based foods and beverages,Plant-based foods,Breakfasts,Cereals and potatoes,Cereals and their products,Breakfast cereals,Flakes,Cereal flakes,Corn flakes","Milled corn sugar, contains 2% or less of malt flavor, salt, BHT for freshness. Vitamins and Minerals: Iron, vitamin c (ascorbic acid and sodium ascorbic), niacinamide, vitamin B6 (pyridoxine hydrochloride), vitamin B2 (riboflavin), vitamin B1 (thiamin hydrochloride), vitamin A palmitate, folic acid, vitamin D, vitamin B12.","E101 - Riboflavin,E101i - Riboflavin",d,1590.0,0.0,34.5,3.45,1.31,89.7,0.0,3.45,0.517,0.000517,0.0207,0.00129,0.00147,0.0172,0.000345,0.0155
0038000599231,Special K Red Berries,"Plant-based foods and beverages,Plant-based foods,Breakfasts,Cereals and potatoes,Cereals and their products,Breakfast cereals","Rice, whole grain _wheat_, sugar, _wheat_ bran, freeze-dried strawberries, soluble wheat fiber, contains 2% or less of brown sugar syrup, salt, malt flavor. Vitamins and Minerals: Vitamin C (ascorbic acid), reduced iron, niacinamide, vitamin B6 (pyridoxine hydrochloride), vitamin B1 (thiamin hydrochloride), Vitamin (thiamin hydrochloride), vitamin B2 (riboflavin), vitamin A palmitate, folic acid, vitamin B12, vitamin D3.","E101 - Riboflavin,E101i - Riboflavin,E300 - Ascorbic acid",d,1480.0,0.0,29.0,6.45,1.56,87.1,0.0,9.68,0.613,0.000484,0.0677,0.00169,0.00192,0.0226,0.000452,0.0261
0038000787270,Special K Protein,"Plant-based foods and beverages,Plant-based foods,Breakfasts,Cereals and potatoes,Cereals and their products,Breakfast cereals,Flakes,Cereal flakes,Rice flakes,Wheat flakes","Whole grain _wheat_, _wheat_ _gluten_, sugar, rice, _soy_ protein isolate, _wheat_ bran, defatted _soy_ grits, contains 2% or less of salt, cinnamon, malt flavor, L-lysine monohydrochloride, _soy_ lecithin, sucralose, BHT for freshness. Vitamins and Minerals: Reduced iron, niacinamide, vitamin B6 (pyridoxine hydrochloride), vitamin B1 (thiamin hydrochloride), vitamin A palmitate, vitamin B2 (riboflavin), folic acid, vitamin B12, vitamin D3.","E101 - Riboflavin,E101i - Riboflavin,E322 - Lecithins,E322i - Lecithin,E955 - Sucralose",c,1570.0,3.12,21.9,31.2,1.51,59.4,0.0,9.38,0.594,0.000469,0.0,0.00164,0.00186,0.0219,0.000437,0.0253
0041000082481,Cheesy Bacon Macaroni,"Plant-based foods and beverages,Plant-based foods,Cereals and potatoes,Cereals and their products,Pastas","Enriched macaroni product [semolina and durum flour (wheat), niacin, ferrous sulfate (iron), thiamin mononitrate (vitamin b1), riboflavin (vitamin b2), folic acid], corn starch, salt, cheddar cheese (pasteurized milk, cheese cultures, salt, enzymes), bacon [(cured with water, salt, sugar, sodium phosphate, sodium ascorbate, sodium nitrite), hickory smoke flavor], whey, maltodextrin (corn, potato), sodium citrate, butter (cream, salt), torula yeast, onion powder, natural flavor (milk), yeast extract, annatto extract and turmeric (for color), disodium guanylate, disodium inosinate, onion juice concentrate.","E101 - Riboflavin,E101i - Riboflavin,E250 - Sodium nitrite,E301 - Sodium ascorbate,E331 - Sodium citrates,E339 - Sodium phosphates,E375 - Nicotinic acid,E627 - Disodium guanylate,E631 - Disodium inosinate",c,1536.0,2.5,3.33,13.33,3.13182,71.67,0.008,3.3,1.233,0.0,0.0,0.006,0.002833,0.005,6e-05,0.0024
0041250100409,White Hamburger Enriched Buns,"Plant-based foods and beverages,Plant-based foods,Cereals and potatoes,Breads,Special breads,Hamburger buns","Enriched unbleached flour [wheat flour, malted barley flour, reduced iron, thiamine mononitrate (vitamin b1), riboflavin (vitamin b2), niacin (vitamin b3), folic acid], water, high fructose corn syrup, yeast, soybean oil, salt, wheat gluten, monoglycerides, calcium propionate (a preservative), vinegar, citric acid, calcium sulfate, ascorbic acid.","E101 - Riboflavin,E101i - Riboflavin,E282 - Calcium propionate,E300 - Ascorbic acid,E330 - Citric acid,E375 - Nicotinic acid,E516 - Calcium sulphate",b,1184.0,3.26,6.52,8.7,1.1049,52.17,0.0,2.2,0.435,0.0,0.0,0.005,0.002957,0.004348,4.6e-05,0.00391
0041250100416,White Hamburger Buns,"Plant-based foods and beverages,Plant-based foods,Cereals and potatoes,Breads,Special breads,Hamburger buns","Enriched unbleached flour[ wheat flour, malted barley flour, reduced iron, thiamine mononitrate (vitamin b1), riboflavin (vitamin b2), niacin (vitamin b3), folic acid], wter, high fructose corn syrup, yeast, soybean oil, salt, wheat gluten, monoglycerides, calcium propionate (a preservative), sodium stearoyl lactylate, calcium sulfate, citric acid, ascorbic acid.","E101 - Riboflavin,E101i - Riboflavin,E282 - Calcium propionate,E300 - Ascorbic acid,E330 - Citric acid,E375 - Nicotinic acid,E481 - Sodium stearoyl-2-lactylate,E516 - Calcium sulphate",b,1142.0,3.41,6.82,6.82,1.09728,50.0,0.0,2.3,0.432,0.0,0.0,0.005,0.003091,0.004545,4.4e-05,0.00327
0041250678557,Hamburger Buns,"Plant-based foods and beverages,Plant-based foods,Cereals and potatoes,Breads,Special breads,Hamburger buns","Enriched unbleached flour [wheat flour, malted barley flour, reduced iron, thiamin mononitrate (vitamin b1), riboflavin (vitamin b2), niacin (vitamin b3), folic acid], water, yeast, high fructose corn syrup, wheat bran, soybean oil, whole grain wheat flour, whole grain oatmeal wheat gluten, salt, rye flour, barley flakes, calcium propionate (a preservative), sodium stearoyl lactylate, monoglycerides, calcium sulfate, citric acid, ascorbic acid.","E101 - Riboflavin,E101i - Riboflavin,E282 - Calcium propionate,E300 - Ascorbic acid,E330 - Citric acid,E375 - Nicotinic acid,E481 - Sodium stearoyl-2-lactylate,E516 - Calcium sulphate",b,1046.0,3.41,4.55,9.09,1.03886,50.0,0.0,2.3,0.409,0.0,0.0,0.005,0.003091,0.004545,4.4e-05,0.00409
0041268138418,Oats & More with Strawberries Cereal,"Plant-based foods and beverages,Plant-based foods,Cereals and potatoes,Cereals and their products","Corn, whole grain _wheat_, sugar, whole grain rolled _oats_, brown sugar, whole grain _oat_ flour, rice, dried strawberries, corn syrup, canola oil, salt, malt syrup, honey, natural flavors (includes _coconut_), BHT (a preservative), red 40, annatto extract (for color) Vitamins and minerals: sodium ascorbate (vitamin c), reduced iron, niacinamide, zinc oxide, vitamin a, palmitate, pyridoxine hydrochloride (vitamin b6), riboflavin (vitamin b2), thiamin mononitrate (vitamin b1), alpha tocopherol acetate (vitamin e), folic acid, vitamin d, vitamin b12","E101 - Riboflavin,E101i - Riboflavin,E129 - Allura red ac,E301 - Sodium ascorbate,E321 - Butylated hydroxytoluene (bht)",c,1620.0,3.23,25.8,6.45,1.02,83.9,0.0,6.45,0.403,0.00121,0.029,0.00121,0.00137,0.0161,0.000645,0.029
0041303000649,Rotini,"Plant-based foods and beverages,Plant-based foods,Cereals and potatoes,Cereals and their products,Pastas","SEMOLINA, NIACIN, FERROUS SULFATE (IRON), THIAMIN MONONITRATE, RIBOFLAVIN, FOLIC ACID.  CONTAINS _WHEAT_  ","E101 - Riboflavin,E101i - Riboflavin,E375 - Nicotinic acid",a,1490.0,1.79,3.57,12.5,0.0,73.2,0.0,3.57,0.0,0.0,0.0,0.000937,0.000455,0.00714,0.000214,0.00321
0042400124962,Apple Zings,"Plant-based foods and beverages,Plant-based foods,Breakfasts,Cereals and potatoes,Cereals and their products,Breakfast cereals,Puffed grains,Puffed cereals","Farine de maïs, farine complète de _blé_ et d'_avoine_, sucre, sirop de maïs, sel, concentré de jus de pommes, pommes séchées, arôme naturel, semoule de maïs, amidon modifié de maïs, vitamine C (ascorbate de sodium et acide ascorbique), cannelle, colorant jaune 6 ,  carbonate de calcium, Niacine (Niacinamide), Fer réduit, Zinc (Oxyde de Zinc), Palmitate de Vitamine A, Bicarbonate de Soda, Vitamine B12, Folate (acide folique), Jaune 5, Vitamine B6 (chlorhydrate de pyridoxine), Vitamine B2 (Riboflavine), Vitamine B1 ( Chlorhydrate de thiamine), vitamine D, colorant rouge 40, colorant bleu 1, conservateur (BHT)","E101 - Riboflavin,E101i - Riboflavin,E14XX - Modified Starch,E170 - Calcium carbonate,E300 - Ascorbic acid,E301 - Sodium ascorbate,E321 - Butylated hydroxytoluene (bht),E375 - Nicotinic acid",d,1648.0,3.03,45.45,3.03,1.1557,87.88,0.0,3.0,0.455,0.0004545,0.0182,0.011,0.012879,0.015152,3.3e-05,0.02727
0042400148647,Tootie Fruities,"Plant-based foods and beverages,Plant-based foods,Cereals and potatoes,Cereals and their products","Corn, wheat and whole grain oat flour, sugar, salt, calcium carbonate, natural orange, lemon, cherry, blueberry, raspberry, lime and other flavors, vitamin C (sodium ascorbate and ascorbic acid), yellow 6, niacin (niacinamide), vitamin A palmitate, reduced iron, zinc (zinc oxide), red 40, blue 1, vitamin B12, yellow 5, folate (folic acid), vitamin B6 (pyridoxine hydrochloride), vitamin B1 (thiamin hydrochloride), vitamin B2 (riboflavin), vitamin D. BHT (to preserve freshness)","E101 - Riboflavin,E101i - Riboflavin,E102 - Tartrazine,E110 - Sunset yellow FCF,E129 - Allura red ac,E133 - Brilliant blue FCF,E170 - Calcium carbonate,E300 - Ascorbic acid,E321 - Butylated hydroxytoluene (bht),E375 - Nicotinic acid",d,1700.0,3.12,46.9,6.25,1.19,87.5,0.0,3.12,0.469,0.000469,0.0187,0.00117,0.00133,0.0156,0.000625,0.0281
0047325907645,Angel hair,"Plant-based foods and beverages,Plant-based foods,Cereals and potatoes,Cereals and their products,Pastas","SEMOLINA, NIACIN, FERROUS SULFATE (IRON), THIAMIN MONONITRATE, RIBOFLAVIN, FOLIC ACID","E101 - Riboflavin,E101i - Riboflavin,E375 - Nicotinic acid",a,1490.0,1.79,3.57,12.5,0.0,73.2,0.0,3.57,0.0,0.0,0.0,0.000937,0.000455,0.00714,0.000214,0.00321
0048121277079,PLAIN BAGELS,"Plant-based foods and beverages,Plant-based foods,Cereals and potatoes,Breads,Special breads,Bagel","UNBLEACHED ENRICHED _WHEAT_ FLOUR [FLOUR, MALTED BARLEY FLOUR, REDUCED IRON, NIACIN, THIAMIN MONONITRATE (VITAMIN B1), RIBOFLAVIN (VITAMIN B2), FOLIC ACID, WATER, SUGAR, _WHEAT_ _GLUTEN_, SALT, YEAST, CORNMEAL, PRESERVATIVE (CALCIUM PROPIONATE, SORBIC ACID), MONOGLYCERIDES, CELLULOSE GUM, CITRIC ACID, XANTHAN GUM, _SOY_ LECITHIN, CORNSTARCH.","E101 - Riboflavin,E101i - Riboflavin,E200 - Sorbic acid,E282 - Calcium propionate,E322 - Lecithins,E322i - Lecithin,E330 - Citric acid,E375 - Nicotinic acid,E415 - Xanthan gum,E466 - Sodium carboxy methyl cellulose",b,1150.0,1.05,6.32,9.47,1.2,55.8,0.0,2.11,0.474,0.0,0.0,0.000395,0.000268,0.00316,0.000105,0.00284
0050400151000,Hamburger Buns,"Plant-based foods and beverages,Plant-based foods,Cereals and potatoes,Breads,Special breads,Hamburger buns","Enriched wheat flour [flour, malted barley flour, reduced iron, niacin, thiamin mononitrate (vitamin b1), riboflavin (vitamin b2), folic acid], water, high fructose corn syrup, yeast, soybean oil, wheat gluten, salt, mono- and diglycerides, calcium propionate (preservative), datem, calcium sulfate, grain vinegar, citric acid, soy lecithin, potassium iodate, monocalcium phosphate.","E101 - Riboflavin,E101i - Riboflavin,E282 - Calcium propionate,E322 - Lecithins,E322i - Lecithin,E330 - Citric acid,E341 - Calcium phosphates,E341i - Monocalcium phosphate,E375 - Nicotinic acid,E471 - Mono- and diglycerides of fatty acids,E472e - Mono- and diacetyltartaric acid esters of mono- and diglycerides of fatty acids,E516 - Calcium sulphate,E917 - Potassium iodate",b,1167.0,2.33,6.98,9.3,1.1811,51.16,0.0,2.3,0.465,0.0,0.0,0.003,0.002372,0.002791,4.3e-05,0.00335
0050400739543,Golden Hamburger Buns,"Plant-based foods and beverages,Plant-based foods,Cereals and potatoes,Breads,Special breads,Hamburger buns","Enriched wheat flour [flour, malted barley flour, reduced iron, niacin, thiamin mononitrate (vitamin b1), riboflavin (vitamin b2), folic acid], water, high fructose corn syrup, yeast, wheat gluten, soybean oil, salt, honey, monoglycerides, calcium propionate (preservative), datem, corn flour, calcium sulfate, monocalcium phosphate, citric acid, spice & coloring, potassium iodate, soy lecithin.","E101 - Riboflavin,E101i - Riboflavin,E282 - Calcium propionate,E322 - Lecithins,E322i - Lecithin,E330 - Citric acid,E341 - Calcium phosphates,E341i - Monocalcium phosphate,E375 - Nicotinic acid,E472e - Mono- and diacetyltartaric acid esters of mono- and diglycerides of fatty acids,E516 - Calcium sulphate,E917 - Potassium iodate",c,1238.0,3.7,9.26,9.26,1.27,51.85,0.0,1.9,0.5,0.0,0.0,0.004,0.002519,0.002963,5.4e-05,0.00267
00511537,Italian Macaroni,"Plant-based foods and beverages,Plant-based foods,Cereals and potatoes,Cereals and their products,Pastas","ENRICHED DURUM _WHEAT_ SEMOLINA (SEMOLINA _WHEAT_, NIACIN, IRON LACTATE, THIAMINE MONONITRATE, RIBOFLAVIN, FOLIC ACID).","E101 - Riboflavin,E101i - Riboflavin,E375 - Nicotinic acid",a,1490.0,1.79,3.57,12.5,0.0,73.2,0.0,3.57,0.0,0.0,0.0,0.000937,0.000455,0.00536,0.000214,0.00321
0063667301859,Organic Fortified Soy Beverage - Chocolate,"Plant-based foods and beverages,Beverages,Plant-based foods,Legumes and their products,Plant-based beverages,Milk substitute,Plant milks,Legume milks,Soy milks,Chocolate soy milks,Non-sugared beverages","filtered water, whole organic soybeans, organic cane sugar, organic sunflower oil, organic canola oil, organic cocoa, calcium carbonate, natural falvours, sea salt, xanthan gum, vitamin A, palmitate, riboflavin, vitamin D2, vitamin B12, thiamine, niacin, vitamin B6, pantothenate","E101 - Riboflavin,E101i - Riboflavin,E170 - Calcium carbonate,E375 - Nicotinic acid,E415 - Xanthan gum",b,268.0,2.4,7.6,2.8,0.142,8.0,0.0,0.4,0.056,6e-05,0.0,4.8e-05,0.00017,0.0008,9.6e-06,0.00072
0065633279667,Multi Grain Cheerios,"Plant-based foods and beverages,Plant-based foods,Breakfasts,Cereals and potatoes,Cereals and their products,Breakfast cereals","Avoine entière sans gluten, maïs entier, sucre et (ou) sucre doré, amidon de maïs, farine de riz brun, son de maïs, farine de sorgho entier, farine de millet entier, sirop de raffinerie, sel, carbonate de calcium, phosphate trisodique, monoglycérides, colorant caramel et rocou, tocophérols, vitamine et minéraux : fer, niacinamide, pantothénate de calcium, chlorhydrate de pyridoxine (vitamine B6), acide folique.","E150 - Caramel,E170 - Calcium carbonate,E307c - Tocopherol,E339 - Sodium phosphates,E339iii - Trisodium phosphate",c,1530.0,5.0,20.0,6.67,1.35,80.0,0.0,10.0,0.533,0.0,0.0,0.0002,0.000113,0.004,0.000107,0.018
0068505300308,Campagnolo à 9 grains entiers fait à l'huile d'olive,fr:Miche-de-pain-fait-d-huile-d-olive,"INGRÉDIENTS: FARINE DE BLÉ INTÉGRALE, FARINE DE BLÉ ENTIER AVEC GERME,MÉLANGE DE GRAINS ENTIERS (GRAINES DE LIN MOULUES,FLOCONS D’AVOINE, GRAINES DE TOURNESOL, GRAINES DE LIN, BLÉ DUR CONCASSÉ, SEIGLE CONCASSÉ,  SARRASIN DÉCORTIQUÉ CONCASSÉ , MILLET CONCASSÉ, SEMOULE DE MAIS, GRAINES DE SÉSAME),GLUTEN DE BLÉ, LEVURE ET HUILE D’OLIVE EXTRA VIERGE PRESSÉE À FROID, SUCRE, SEL, LÉCITHINE DE SOYA, VINAIGRE, PROPIONATE DE CALCIUM,  ACIDE SORBIQUE, ENZYMES, FARINE DE SOYA. GARNITURE : GRAINES DE LIN, MILLET.","E200 - Sorbic acid,E282 - Calcium propionate,E322 - Lecithins,E322i - Lecithin",a,1060.0,5.63,1.41,12.7,0.93,39.4,0.0,8.45,0.366,0.0,0.00507,0.000423,0.000144,0.00225,0.000113,0.0038
0068820104001,Tortellini aux fines herbes farcis au fromage,"Plant-based foods and beverages,Plant-based foods,Cereals and potatoes,Cereals and their products,Meals,Pastas,Stuffed Pastas,Tortellini,Fresh pasta","Pâtes : semoule de blé dur enrichie (semoule, niacine, sulfate ferreux, mononitrate de thiamine, riboflavine, acide folique), eau, oeuf entier liquide, jaune d'oeuf liquide, fines herbes, herbes, poudre d'ail. Garniture : fromage (Ricotta, romano, parmesan (lait, lactosérum, culture bactérienne, sel, acide citrique, chlorure de calcium, enzyme microbienne, lipase), chapelure de blé grillée, huile de canola, poudre de lactosérum, sel, poudre d'ail, poudre d'oignon.","E101 - Riboflavin,E101i - Riboflavin,E1104 - Lipase,E330 - Citric acid,E375 - Nicotinic acid,E509 - Calcium chloride",a,1230.0,7.06,1.18,9.41,0.747,49.4,0.0294,2.35,0.294,3.53e-05,0.0,0.000618,0.0002,0.00471,0.000212,0.00318
0071025002645,"Holsum, Sof-Buns, Sliced Enriched Hamburger Buns","Plant-based foods and beverages,Plant-based foods,Cereals and potatoes,Breads,Special breads,Hamburger buns","Unbleached enriched wheat flour [flour, barley malt, niacin (vitamin b3), iron, thiamin mononitrate (vitamin b1), riboflavin (vitamin b2), folic acid (vitamin b9)], water, corn syrup, yeast, contains 2% or less of the following: soybean oil, salt, sugar, dough conditioners (monoglycerides, ethoxylated mono- and diglycerides, sodium stearoyl lactylate, ascorbic acid), wheat gluten, yeast nutrients (calcium sulfate, monocalcium phosphate, ammonium sulfate), calcium propionate (to retain freshness), wheat starch, soy lecithin.","E101 - Riboflavin,E101i - Riboflavin,E282 - Calcium propionate,E300 - Ascorbic acid,E322 - Lecithins,E322i - Lecithin,E341 - Calcium phosphates,E341i - Monocalcium phosphate,E375 - Nicotinic acid,E471 - Mono- and diglycerides of fatty acids,E481 - Sodium stearoyl-2-lactylate,E516 - Calcium sulphate,E517 - Ammonium sulphate",b,1071.0,3.49,4.65,6.98,1.30048,48.84,0.0,2.3,0.512,0.0,0.0,0.005,0.003953,0.004651,4.3e-05,0.00251
0071314002240,"Hearth, Classic Sesame Hamburger Buns","Plant-based foods and beverages,Plant-based foods,Cereals and potatoes,Breads,Special breads,Hamburger buns","Enriched bleached flour [wheat flour, malted barley flour, wheat starch, reduced iron, thiamine mononitrate (vitamin b1), riboflavin (vitamin b2), niacin (vitamin b3), folic acid], water, sugar, soybean oil, wheat gluten, salt, yeast, yeast nutrients (calcium sulfate, monocalcium phosphate, ammonium sulfate), calcium propionate (a mold inhibitor), monoglycerides, potassium chloride, yellow corn flour, sodium stearoyl lactylate, sodium gluconate, spice oils (turmeric and annatto), modified corn starch, citric acid, ascorbic acid, sodium alginate, polysorbate 60; topped with sesame seeds.","E101 - Riboflavin,E101i - Riboflavin,E160b - Annatto,E282 - Calcium propionate,E300 - Ascorbic acid,E330 - Citric acid,E341 - Calcium phosphates,E341i - Monocalcium phosphate,E375 - Nicotinic acid,E401 - Sodium alginate,E435 - Polyoxyethylene sorbitan monostearate,E481 - Sodium stearoyl-2-lactylate,E508 - Potassium chloride,E516 - Calcium sulphate,E517 - Ammonium sulphate,E576 - Sodium gluconate",b,1046.0,3.33,5.0,8.33,0.889,45.0,0.0,1.7,0.35,0.0,0.0,0.005,0.002267,0.003333,6e-05,0.003
0071314003421,"Homestyle, Honey Hamburger Buns","Plant-based foods and beverages,Plant-based foods,Cereals and potatoes,Breads,Special breads,Hamburger buns","Enriched unbleached flour [wheat flour, malted barley flour, reduced iron, thiamine mononitrate (vitamin b1), riboflavin (vitamin b2), niacin (vitamin b3), folic acid], water, yeast, honey, soybean oil, wheat gluten, salt, monoglycerides, calcium propionate (a preservative), yellow corn flour, sodium stearoyl lactylate, spice oils (turmeric and annatto), modified corn starch, calcium sulfate, citric acid, ascorbic acid, sodium alginate, mono-and diglycerides, polysorbate 60.","E101 - Riboflavin,E101i - Riboflavin,E160b - Annatto,E282 - Calcium propionate,E300 - Ascorbic acid,E330 - Citric acid,E375 - Nicotinic acid,E401 - Sodium alginate,E435 - Polyoxyethylene sorbitan monostearate,E481 - Sodium stearoyl-2-lactylate,E516 - Calcium sulphate",b,1117.0,3.33,5.0,8.33,1.05918,50.0,0.0,1.7,0.417,0.0,0.0,0.006,0.002833,0.005,6e-05,0.003
0071314028721,Enriched White Hamburger Buns,"Plant-based foods and beverages,Plant-based foods,Cereals and potatoes,Breads,Special breads,Hamburger buns","Enriched unbleached flour [wheat flour, malted barley flour, reduced iron, thiamine mononitrate (vitamin b1), riboflavin (vitamin b2), niacin (vitamin b3), folic acid], water, high fructose corn syrup, yeast, soybean oil, wheat gluten, salt, calcium propionate (a preservative), monoglycerides, yellow corn flour, sodium stearoyl lactylate, spice oils (turmeric and annatto), modified corn starch, calcium sulfate, citric acid, ascorbic acid, sodium alginate, polysorbate 60.","E101 - Riboflavin,E101i - Riboflavin,E160b - Annatto,E282 - Calcium propionate,E300 - Ascorbic acid,E330 - Citric acid,E375 - Nicotinic acid,E401 - Sodium alginate,E435 - Polyoxyethylene sorbitan monostearate,E481 - Sodium stearoyl-2-lactylate,E516 - Calcium sulphate",b,1117.0,3.33,6.67,8.33,1.09982,51.67,0.0,1.7,0.433,0.0,0.0,0.006,0.002833,0.005,6e-05,0.0045
0071314033787,Hearth Hawaiian Hamburger Buns,"Plant-based foods and beverages,Plant-based foods,Cereals and potatoes,Breads,Special breads,Hamburger buns","Enriched unbleached flour [wheat flour, malted barley flour, reduced iron, thiamine mononitrate (vitamin b1), riboflavin (vitamin b2), niacin (vitamin b3), folic acid], water, sugar, yeast, soybean oil, wheat gluten, salt, yellow corn flour, calcium propionate (a preservative), natural and artificial flavors, monoglycerides, sodium stearoyl, lactylate, ethoxylated mono- and diglycerides, spice oils (turmeric and annatto), modified food starch, calcium sulfate, citric acid, ascorbic acid, sodium alginate, polysorbate 60.","E101 - Riboflavin,E101i - Riboflavin,E160b - Annatto,E282 - Calcium propionate,E300 - Ascorbic acid,E330 - Citric acid,E375 - Nicotinic acid,E401 - Sodium alginate,E435 - Polyoxyethylene sorbitan monostearate,E471 - Mono- and diglycerides of fatty acids,E516 - Calcium sulphate",b,1184.0,4.17,11.67,8.33,1.016,55.0,0.0,1.7,0.4,0.0,0.0,0.006,0.00425,0.006667,6e-05,0.0045
0071314038737,"Hearth, Classic White Hamburger Buns","Plant-based foods and beverages,Plant-based foods,Cereals and potatoes,Breads,Special breads,Hamburger buns","Enriched unbleached flour [wheat flour, malted barley flour, reduced iron, thiamine mononitrate (vitamin b1), riboflavin (vitamin b2), niacin (vitamin b3), folic acid], water, yeast, sugar, soybean oil, wheat gluten, salt, monoglycerides, calcium propionate (a preservative), sodium stearoyl lactylate, potassium chloride, sodium gluconate, yellow corn flour, spice oils (turmeric and anntto), calcium sulfate, citric acid, ascorbic acid, modified corn starch, sodium alginate, diglycerides, polysorbate 60.","E101 - Riboflavin,E101i - Riboflavin,E282 - Calcium propionate,E300 - Ascorbic acid,E330 - Citric acid,E375 - Nicotinic acid,E401 - Sodium alginate,E435 - Polyoxyethylene sorbitan monostearate,E481 - Sodium stearoyl-2-lactylate,E508 - Potassium chloride,E516 - Calcium sulphate,E576 - Sodium gluconate",b,1117.0,3.33,6.67,8.33,0.889,51.67,0.0,1.7,0.35,0.0,0.0,0.005,0.00425,0.005,6e-05,0.003
0071314058827,"Hearth, Whole Grain Hamburger Buns","Plant-based foods and beverages,Plant-based foods,Cereals and potatoes,Breads,Special breads,Hamburger buns","Water, whole grain wheat flour, enriched unbleached flour [wheat flour, malted barley flour, reduced iron, thiamine mononitrate (vitamin b1), riboflavin (vitamin b2), niacin (vitamin b3), folic acid], oat fiber, wheat gluten, yeast, sugar, modified wheat starch soybean oil, salt, malt, vinegar, monoglycerides, potassium chloride, calcium propionate (a preservative), cellulose gum, datem, sodium gluconate, sodium stearoyl lactylate, calcium sulfate, meltodextrin, carrageenan, modified corn starch, citric acid, ascorbic acid, diglycerides, sodium alginate, polysorbate 60.","E101 - Riboflavin,E101i - Riboflavin,E282 - Calcium propionate,E300 - Ascorbic acid,E330 - Citric acid,E375 - Nicotinic acid,E401 - Sodium alginate,E407 - Carrageenan,E435 - Polyoxyethylene sorbitan monostearate,E466 - Sodium carboxy methyl cellulose,E472e - Mono- and diacetyltartaric acid esters of mono- and diglycerides of fatty acids,E481 - Sodium stearoyl-2-lactylate,E508 - Potassium chloride,E516 - Calcium sulphate,E576 - Sodium gluconate",a,766.0,2.5,5.0,10.0,0.80518,43.33,0.0,10.0,0.317,0.0,0.0,0.002,0.00425,0.008333,6e-05,0.0024
0071314060134,Pretzel Hamburger Buns,"Plant-based foods and beverages,Plant-based foods,Cereals and potatoes,Breads,Special breads,Hamburger buns","Enriched flour (wheat flour, malted barley flour, niacin, reduced iron, thiamine mononitrate, riboflavin, folic acid), water, yeast, invert sugar, soybean oil, contains less than 2% of salt, sugar, vinegar, wheat gluten, mono- and diglycerides, calcium sulfate, guar gum, calcium carbonate, datem, ascorbic acid, enzymes, calcium propionate (preservative).","E101 - Riboflavin,E101i - Riboflavin,E170 - Calcium carbonate,E282 - Calcium propionate,E300 - Ascorbic acid,E375 - Nicotinic acid,E412 - Guar gum,E471 - Mono- and diglycerides of fatty acids,E472e - Mono- and diacetyltartaric acid esters of mono- and diglycerides of fatty acids,E516 - Calcium sulphate",b,1188.0,4.05,1.35,8.11,1.30556,51.35,0.0,1.4,0.514,0.0,0.0162,0.004,0.000459,0.004054,7.4e-05,0.00365
0071315050547,Classic Enriched Hamburger Buns,"Plant-based foods and beverages,Plant-based foods,Cereals and potatoes,Breads,Special breads,Hamburger buns","Unbleached enriched flour (wheat flour, malted barley flour, niacin, reduced iron, thiamin mononitrate, riboflavin, folic acid), water, high fructose corn syrup, vegetable oil (soybean oil or canola oil), contains 2% or less of each of the following: yeast, wheat gluten, salt, dough conditioners (contains one or more of the following: sodium stearoyl lactylate, calcium stearoyl lactylate, monoglycerides and/or diglycerides, calcium peroxide, calcium iodate, datem, ethoxylated mono- and diglycerides, enzymes), calcium sulfate, calcium carbonate, ammonium sulfate, ascorbic acid, sorbic acid, soy flour, monocalcium phosphate, soy lecithin, calcium propionate (to retard spoilage). if seeded, sesame seeds added. if yellow contains turmeric, paprika and corn flour.","E101 - Riboflavin,E101i - Riboflavin,E170 - Calcium carbonate,E200 - Sorbic acid,E282 - Calcium propionate,E300 - Ascorbic acid,E322 - Lecithins,E322i - Lecithin,E341 - Calcium phosphates,E341i - Monocalcium phosphate,E375 - Nicotinic acid,E471 - Mono- and diglycerides of fatty acids,E472e - Mono- and diacetyltartaric acid esters of mono- and diglycerides of fatty acids,E481 - Sodium stearoyl-2-lactylate,E516 - Calcium sulphate,E517 - Ammonium sulphate,E916 - Calcium iodate,E930 - Calcium peroxide",b,1167.0,3.49,9.3,9.3,1.30048,55.81,0.0,2.3,0.512,0.0,0.0,0.005,0.003163,0.003721,4.3e-05,0.00251
0071330024172,"Hamburger Buns, Original","Plant-based foods and beverages,Plant-based foods,Cereals and potatoes,Breads,Special breads,Hamburger buns","Enriched wheat flour [flour, malted barley flour, reduced iron, niacin, thiamin mononitrate (vitamin b1), riboflavin (vitamin b2), folic acid], water, high fructose corn syrup, yeast, soybean oil, wheat gluten, salt, mono- and diglycerides, calcium propionate (preservative), calcium sulfate, datem and/or sodium stearoyl lactylate, grain vinegar, citric acid, potassium iodate, soy lecithin, soy flour, sesame eseeds.","E101 - Riboflavin,E101i - Riboflavin,E282 - Calcium propionate,E322 - Lecithins,E322i - Lecithin,E330 - Citric acid,E375 - Nicotinic acid,E471 - Mono- and diglycerides of fatty acids,E481 - Sodium stearoyl-2-lactylate,E516 - Calcium sulphate,E917 - Potassium iodate",b,1167.0,2.33,6.98,9.3,1.1811,51.16,0.0,2.3,0.465,0.0,0.0,0.003,0.002372,0.002791,4.3e-05,0.00335
0071962226104,Penne Rigate,"Plant-based foods and beverages,Plant-based foods,Cereals and potatoes,Cereals and their products,Pastas","Semolina (enriched with Niacin, Iron Lactate, Thiamin Mononitrate, Riboflavin, Folic Acid). Contains: _Wheat_","E101 - Riboflavin,E101i - Riboflavin,E375 - Nicotinic acid",a,1550.0,1.76,3.53,12.3,0.0,77.6,0.0,3.53,0.0,0.0,0.0,0.000794,0.0003,0.00529,0.000212,0.00317
0072201216078,"J.J. Cassone, Hamburger Buns","Plant-based foods and beverages,Plant-based foods,Cereals and potatoes,Breads,Special breads,Hamburger buns","Enriched wheat flour (wheat flour, malted barley flour, niacin, reduced iron, thiamine mononitrate, riboflavin, folic acid), water, high fructose corn syrup, soybean oil, contains 2% less of each of the following: yeast, salt, wheat flour, calcium propionate (preservative), wheat gluten, calcium stearoyl lactylate (csl), calcium sulfate, diacetyl tartaric acid esters of mono diglycerides (datem), monocalcium phosphate, mono- and diglycerides, ammonium sulfate, ethoxylated mono- and diglycerides, ascorbic acid (vitamin c), calcium peroxide, l-cysteine hydrochloride, enzymes.","E101 - Riboflavin,E101i - Riboflavin,E282 - Calcium propionate,E300 - Ascorbic acid,E341 - Calcium phosphates,E341i - Monocalcium phosphate,E375 - Nicotinic acid,E471 - Mono- and diglycerides of fatty acids,E472e - Mono- and diacetyltartaric acid esters of mono- and diglycerides of fatty acids,E516 - Calcium sulphate,E517 - Ammonium sulphate,E920 - L-cysteine hydrochloride,E930 - Calcium peroxide",b,1100.0,3.51,3.51,8.77,1.29286,49.12,0.0,1.8,0.509,0.0,0.0,0.004,0.002386,0.003509,5.7e-05,0.00316
0072250011402,Classic Enriched Hamburger Buns,"Plant-based foods and beverages,Plant-based foods,Cereals and potatoes,Breads,Special breads,Hamburger buns","Unbleached enriched flour (wheat flour, malted barley flour, niacin, reduced iron, thiamin mononitrate, riboflavin, folic acid), water, high fructose corn syrup, vegetable oil (soybean oil or canola oil), contains 2% or less of each of the following: yeast, wheat gluten, salt, dough conditioners (contains one or more of the following: sodium stearoyl lactylate, calcium stearoyl lactylate, monoglycerides and/or diglycerides, calcium peroxide, calcium iodate, datem, ethoxylated mono-and diglycerides, enzymes), calcium sulfate, calcium carbonate, ammonium sulfate, ascorbic acid, sorbic acid, soy flour, monocalcium phosphate, soy lecithin, calcium seeds added. if yellow contains turmeric, paprika and corn flour.","E101 - Riboflavin,E101i - Riboflavin,E170 - Calcium carbonate,E200 - Sorbic acid,E300 - Ascorbic acid,E322 - Lecithins,E322i - Lecithin,E341 - Calcium phosphates,E341i - Monocalcium phosphate,E375 - Nicotinic acid,E472e - Mono- and diacetyltartaric acid esters of mono- and diglycerides of fatty acids,E481 - Sodium stearoyl-2-lactylate,E516 - Calcium sulphate,E517 - Ammonium sulphate,E916 - Calcium iodate,E930 - Calcium peroxide",b,1159.0,3.19,8.51,8.51,1.29794,55.32,0.0,2.1,0.511,0.0,0.0,0.005,0.002894,0.003404,4.7e-05,0.00306
0072250023733,Hamburger Buns,"Plant-based foods and beverages,Plant-based foods,Cereals and potatoes,Breads,Special breads,Hamburger buns","Unbleached enriched flour (wheat flour, malted barley flour, niacin,. reduced iron, thiamin mononitrate, riboflavin, folic acid), water, high fructose corn syrup, vegetable oil (soybean oil or canola oil), contains 2% or less of the following: yeast, wheat gluten, salt, dough conditioners (contains one or more of the following: sodium stearoyl lactylate, calcium stearoyl lactylate, monoglycerides and/or diglycerides, calcium peroxide, calcium iodate, datem, ethoxylated mono- and diglycerides, enzymes), calcium sulfate, calcium carbonate, ammonium sulfate, ascorbic acid, sorbic acid, soy flour, monocalcium phosphate, soy lecithin, calcium propionate (to retard spoilage). if seeded sesame seeds added. if yellow contains turmeric, paprika and corn flour.","E101 - Riboflavin,E101i - Riboflavin,E170 - Calcium carbonate,E200 - Sorbic acid,E282 - Calcium propionate,E300 - Ascorbic acid,E322 - Lecithins,E322i - Lecithin,E341 - Calcium phosphates,E341i - Monocalcium phosphate,E375 - Nicotinic acid,E471 - Mono- and diglycerides of fatty acids,E472e - Mono- and diacetyltartaric acid esters of mono- and diglycerides of fatty acids,E481 - Sodium stearoyl-2-lactylate,E516 - Calcium sulphate,E517 - Ammonium sulphate,E916 - Calcium iodate,E930 - Calcium peroxide",b,1167.0,3.49,9.3,9.3,1.30048,55.81,0.0,2.3,0.512,0.0,0.0,0.005,0.003163,0.003721,4.3e-05,0.00251
0072945761469,Hamburger Buns,"Plant-based foods and beverages,Plant-based foods,Cereals and potatoes,Breads,Special breads,Hamburger buns","Enriched wheat flour [flour, malted barley flour, reduced iron, niacin, thiamin mononitrate (vitamin b1), riboflavin (vitamin b2), folic acid], water, whole wheat flour, high fructose corn syrup, yeast, wheat gluten, soybean oil, salt, calcium sulfate, calcium propionate (preservative), grain vinegar, datem, mono- and diglycerides, cellulose gum, corn flour, monocalcium phosphate, calcium carbonate, cornstarch, citric acid, turmeric color, vitamin d3, potassium iodate, paprika color, natural flavor, soy lecithin","E101 - Riboflavin,E101i - Riboflavin,E170 - Calcium carbonate,E282 - Calcium propionate,E322 - Lecithins,E322i - Lecithin,E330 - Citric acid,E341 - Calcium phosphates,E341i - Monocalcium phosphate,E375 - Nicotinic acid,E466 - Sodium carboxy methyl cellulose,E471 - Mono- and diglycerides of fatty acids,E472e - Mono- and diacetyltartaric acid esters of mono- and diglycerides of fatty acids,E516 - Calcium sulphate,E917 - Potassium iodate",a,1088.0,3.0,8.0,10.0,1.1684,52.0,0.0,4.0,0.46,0.0,0.0,0.003,0.00204,0.0032,5e-05,0.00288
0073410028032,Brownberry Healthful nuts & seeds 100% Whole Grain Bread,"Plant-based foods and beverages,Plant-based foods,Cereals and potatoes,Breads","Whole _wheat_ flour, water, wheat gluten, sugar, _almonds_ (nuts), _hazelnuts_ (filberts), sunflower seeds, cellulose fiber, bulgur wheat, molasses, yeast, whole wheat flakes, sea salt, grain vinegar, raisin juice concentrate, cultured wheat starch, mono- and diglycerides, soybean oil, datem, calcium sulfate, citric acid, natural black _walnut_ flavor, _soy_ lecithin, salt","E322 - Lecithins,E322i - Lecithin,E330 - Citric acid,E471 - Mono- and diglycerides of fatty acids,E472e - Mono- and diacetyltartaric acid esters of mono- and diglycerides of fatty acids,E516 - Calcium sulphate",a,1050.0,6.25,6.25,9.38,1.07,43.8,0.0,9.38,0.422,0.0,0.0,0.000187,0.000106,0.0025,2.5e-05,0.00225
0075119145874,Tapioca Hamburger Buns,"Plant-based foods and beverages,Plant-based foods,Cereals and potatoes,Breads,Special breads,Hamburger buns","Filtered water, rice flour, tapioca starch, high oleic safflower oil, pear juice concentrate, bamboo fiber, yeast, methylcellulose, tapioca syrup, guar gum, organic palm fruit oil, salt, orange citrus fiber, calcium phosphate, baking powder (glucono delta lactone, calcium carbonate & magnesium carbonate), enriched with thiamin (vitamin b1), riboflavin (vitamin b2), niacin, iron, folic acid and vitamin d.","E101 - Riboflavin,E101i - Riboflavin,E341 - Calcium phosphates,E375 - Nicotinic acid,E412 - Guar gum,E461 - Methyl cellulose,E504 - Magnesium carbonates,E504i - Magnesium carbonate,E575 - Glucono-delta-lactone",b,912.0,5.45,5.45,1.82,0.69342,38.18,0.0,7.3,0.273,0.0,0.0,0.004,0.001855,0.002909,5.5e-05,0.00262
0076057002366,"Lakeland, Hamburger Buns","Plant-based foods and beverages,Plant-based foods,Cereals and potatoes,Breads,Special breads,Hamburger buns","Enriched unbleached flour (wheat flour, malted barley flour, niacin, ferrous sulfate, thiamine hydrochloride, riboflavin, folic acid), water, high fructose corn syrup, yeast liquid soybean oil. contains less than 2% of the following: salt, sesame seeds if apparent, wheat gluten, dough conditioners (monoglycerides, sodium stearoyl lactylate, ascorbic acid, calcium sulfate, enzymes), monocalcium phosphate, calcium propionate (preservative).","E101 - Riboflavin,E101i - Riboflavin,E282 - Calcium propionate,E300 - Ascorbic acid,E341 - Calcium phosphates,E341i - Monocalcium phosphate,E375 - Nicotinic acid,E481 - Sodium stearoyl-2-lactylate,E516 - Calcium sulphate",c,1100.0,5.26,7.89,7.89,1.5367,50.0,0.0,2.6,0.605,0.0,0.0,0.004,0.001789,0.003158,3.8e-05,0.00189
0076057003479,Classic White Hamburger Buns,"Plant-based foods and beverages,Plant-based foods,Cereals and potatoes,Breads,Special breads,Hamburger buns","Enriched unbleached flour ( wheat flour, malted barley flour, niacin, reduced iron, thiamine mononitrate, riboflavin, folic acid), water, high fructose corn syrup, yeast, wheat gluten potato flakes, contains less than 2% of the following: sugar, soybean oil, salt, calcium propionate (preservative), dough conditioners (monoglycerides, sodium stearoyl lactylate, ascorbic acid, calcium sulfate, enzymes), monocalcium phosphate (preservative), dough conditioners (monoglycerides, sodium stearoyl lactylate, ascorbic acid, calcium sulfate, enzymes), monocalcium phosphate.","E101 - Riboflavin,E101i - Riboflavin,E282 - Calcium propionate,E300 - Ascorbic acid,E341 - Calcium phosphates,E341i - Monocalcium phosphate,E375 - Nicotinic acid,E481 - Sodium stearoyl-2-lactylate,E516 - Calcium sulphate",a,1105.0,2.83,7.55,11.32,1.24714,50.94,0.0,3.8,0.491,0.0,0.0,0.006,0.002566,0.003774,5.3e-05,0.0034
0076808002386,Veggie Penne,"Plant-based foods and beverages,Plant-based foods,Cereals and potatoes,Cereals and their products,Pastas","SEMOLINA (_WHEAT_), DURUM _WHEAT_ FLOUR, TOMATO PUREE, CARROT PUREE (CARROT, LEMON JUICE CONCENTRATE, WATER), NIACIN, IRON (FERROUS SULFATE), THIAMINE MONONITRATE, RIBOFLAVIN, FOLIC ACID.","E101 - Riboflavin,E101i - Riboflavin,E375 - Nicotinic acid",a,1490.0,1.79,3.57,14.3,0.0454,73.2,0.0,3.57,0.0179,0.000804,0.00214,0.000937,0.000455,0.00714,0.00025,0.00321
0076808002409,Veggie Rotini,"Plant-based foods and beverages,Plant-based foods,Cereals and potatoes,Cereals and their products,Pastas","SEMOLINA (_WHEAT_), DURUM _WHEAT_ FLOUR, ZUCCHINI PUREE (ZUCCHINI, LEMON JUICE CONCENTRATE, WATER), SPINACH PUREE, NIACIN, IRON (FERROUS SULFATE), THIAMINE MONONITRATE, RIBOFLAVIN, FOLIC ACID).","E101 - Riboflavin,E101i - Riboflavin,E375 - Nicotinic acid",a,1490.0,1.79,3.57,14.3,0.0,73.2,0.0,3.57,0.0,0.000161,0.0,0.00107,0.000455,0.00714,0.00025,0.00321
0076808004212,Veggie Elbows,"Plant-based foods and beverages,Plant-based foods,Cereals and potatoes,Cereals and their products,Pastas","SEMOLINA (_WHEAT_), DURUM _WHEAT_ FLOUR, CARROT PUREE (CARROT, LEMON JUICE CONCENTRATE, WATER), BUTTERNUT SQUASH PUREE (BUTTERNUT SQUASH, LEMON JUICE CONCENTRATE, WATER), NIACIN, IRON (FERROUS SULFATE), THIAMINE MONONITRATE, RIBOFLAVIN, FOLIC ACID.","E101 - Riboflavin,E101i - Riboflavin,E375 - Nicotinic acid",a,1490.0,1.79,3.57,12.5,0.0907,73.2,0.0,3.57,0.0357,0.00214,0.0,0.000937,0.000455,0.00714,0.00025,0.00321
0076808280739,Penne,"Plant-based foods and beverages,Plant-based foods,Cereals and potatoes,Cereals and their products,Pastas","SEMOLINA (_WHEAT_), DURUM _WHEAT_ FLOUR, NIACIN, IRON (FERROUS SULFATE), THIAMINE MONONITRATE, RIBOFLAVIN, FOLIC ACID.","E101 - Riboflavin,E101i - Riboflavin,E375 - Nicotinic acid",a,1490.0,1.79,3.57,12.5,0.0,75.0,0.0,3.57,0.0,0.0,0.0,0.000937,0.000455,0.00536,0.000214,0.00321
0076808280746,Ziti,"Plant-based foods and beverages,Plant-based foods,Cereals and potatoes,Cereals and their products,Pastas","Semolina (_wheat_), durum flour, niacin, iron (ferrous sulfate), thiamine mononitrate, riboflavin, folic acid","E101 - Riboflavin,E101i - Riboflavin,E375 - Nicotinic acid",a,1490.0,1.79,3.57,12.5,0.0,75.0,0.0,3.57,0.0,0.0,0.0,0.000937,0.000455,0.00536,0.000214,0.00321
0076808280982,ROTINI,"Plant-based foods and beverages,Plant-based foods,Cereals and potatoes,Cereals and their products,Pastas,Dry pasta","SEMOLINA (_WHEAT_), DURUM _WHEAT_ FLOUR, NIACIN, IRON (FERROUS SULFATE), THIAMINE MONONITRATE, RIBOFLAVIN, FOLIC ACID","E101 - Riboflavin,E101i - Riboflavin,E375 - Nicotinic acid",a,1470.0,1.75,3.51,12.3,0.0,73.7,0.0,3.51,0.0,0.0,0.0,0.000921,0.000447,0.00526,0.000211,0.00316
0076808501087,Farfalle,"Plant-based foods and beverages,Plant-based foods,Cereals and potatoes,Cereals and their products,Pastas","Semolina (_wheat_), durum _wheat_ flour, niacin, iron (ferrous sulfate), thiamine mononitrate, riboflavin, folic acid","E101 - Riboflavin,E101i - Riboflavin,E375 - Nicotinic acid",a,1490.0,1.79,3.57,12.5,0.0,75.0,0.0,3.57,0.0,0.0,0.0,0.000937,0.000455,0.00536,0.000214,0.00321
0076808501124,Large Shells,"Plant-based foods and beverages,Plant-based foods,Cereals and potatoes,Cereals and their products,Pastas","SEMOLINA (_WHEAT_), DURUM FLOUR, NIACIN, IRON (FERROUS SULFATE), THIAMINE MONONITRATE, RIBOFLAVIN, FOLIC ACID.","E101 - Riboflavin,E101i - Riboflavin,E375 - Nicotinic acid",a,1490.0,1.79,3.57,12.5,0.0,75.0,0.0,3.57,0.0,0.0,0.0,0.000937,0.000455,0.00536,0.000214,0.00321
0076808502947,RIGATONI,"Plant-based foods and beverages,Plant-based foods,Cereals and potatoes,Cereals and their products,Pastas","Semolina (_wheat_), durum _wheat_ flour, niacin, iron (ferrous sulfate), thiamine, mononitrate, riboflavin, folic acid.","E101 - Riboflavin,E101i - Riboflavin,E375 - Nicotinic acid",a,1490.0,1.79,3.57,12.5,0.0,75.0,0.0,3.57,0.0,0.0,0.0,0.000937,0.000455,0.00536,0.000214,0.00321
0076808502954,Mezze Penne,"Plant-based foods and beverages,Plant-based foods,Cereals and potatoes,Cereals and their products,Pastas","SEMOLINA (_WHEAT_), DURUM _WHEAT_ FLOUR, NIACIN, IRON (FERROUS SULFATE), THIAMINE MONONITRATE, RIBOFLAVIN, FOLIC ACID.","E101 - Riboflavin,E101i - Riboflavin,E375 - Nicotinic acid",a,1490.0,1.79,3.57,12.5,0.0,75.0,0.0,3.57,0.0,0.0,0.0,0.000937,0.000455,0.00536,0.000214,0.00321
0076808506433,Gemelli,"Plant-based foods and beverages,Plant-based foods,Cereals and potatoes,Cereals and their products,Pastas","SEMOLINA (_WHEAT_), DURUM FLOUR, NIACIN, IRON (FERROUS SULFATE), THIAMINE MONONITRATE, RIBOFLAVIN, FOLIC ACID.","E101 - Riboflavin,E101i - Riboflavin,E375 - Nicotinic acid",a,1490.0,1.79,3.57,12.5,0.0,75.0,0.0,3.57,0.0,0.0,0.0,0.000937,0.000455,0.00536,0.000214,0.00321
0076808514339,Campanelle,"Plant-based foods and beverages,Plant-based foods,Cereals and potatoes,Cereals and their products,Pastas","Semolina (_wheat_), durum _wheat_ flour, niacin, iron (ferrous sulfate), thiamine, mononitrate, riboflavin, folic acid.","E101 - Riboflavin,E101i - Riboflavin,E375 - Nicotinic acid",a,1490.0,1.79,3.57,12.5,0.0,75.0,0.0,3.57,0.0,0.0,0.0,0.000937,0.000455,0.00536,0.000214,0.00321
0076808514377,Cellentani,"Plant-based foods and beverages,Plant-based foods,Cereals and potatoes,Cereals and their products,Pastas","SEMOLINA (_WHEAT_), DURUM FLOUR, NIACIN, IRON (FERROUS SULFATE), THIAMINE MONONITRATE, RIBOFLAVIN, FOLIC ACID. ","E101 - Riboflavin,E101i - Riboflavin,E375 - Nicotinic acid",a,1490.0,1.79,3.57,12.5,0.0,75.0,0.0,3.57,0.0,0.0,0.0,0.000937,0.000455,0.00536,0.000214,0.00321
0076808515046,THICK SPAGHETTI,"Plant-based foods and beverages,Plant-based foods,Cereals and potatoes,Cereals and their products,Pastas,Dry pasta","Semolina (wheat), durum flour, niacin, iron (ferrous sulfate), thiamine mononitrate, riboflavin, folic acid.","E101 - Riboflavin,E101i - Riboflavin,E375 - Nicotinic acid",a,1490.0,1.79,3.57,12.5,0.0,75.0,0.0,3.57,0.0,0.0,0.0,0.000937,0.000455,0.00536,0.000214,0.00321
0076808518290,Tri-Color Rotini,"Plant-based foods and beverages,Plant-based foods,Cereals and potatoes,Cereals and their products,Pastas","SEMOLINA (_WHEAT_), DURUM _WHEAT_ FLOUR, DRIED SPINACH, DRIED TOMATO, NIACIN, IRON (FERROUS SULFATE), THIAMINE MONONITRATE, RIBOFLAVIN, FOLIC ACID.","E101 - Riboflavin,E101i - Riboflavin,E375 - Nicotinic acid",a,1490.0,1.79,3.57,12.5,0.0454,75.0,0.0,3.57,0.0179,0.0,0.0,0.00107,0.000455,0.00536,0.000214,0.00321
0077975087565,Mini pretzels,Salty snacks,"Enriched flour (_wheat_ flour, niacin, reduced iron, thiamine mononitrate, riboflavin, folic acid), water, salt, malt, dextrose, canola oil*, yeast, soda. *Adds a trivial amount of fat.","E101 - Riboflavin,E101i - Riboflavin,E375 - Nicotinic acid",c,1530.0,0.0,3.33,10.0,2.12,83.3,0.0,3.33,0.833,0.0,0.0,0.0005,0.000453,0.00533,0.0002,0.0048
0078296012007,"Gonnella, Pretzel Hamburger Buns","Plant-based foods and beverages,Plant-based foods,Cereals and potatoes,Breads,Special breads,Hamburger buns","Enriched flour (wheat flour, malted barley flour, niacin, reduced iron, thiamin mononitrate, riboflavin, folic acid), water, yeast, invert sugar, soybean oil, contains less than 2% of salt, sugar, vinegar, wheat gluten, mono- and diglycerides, calcium sulfate, guar gum, calcium carbonate, datem, ascorbic acid, enzymes, calcium propionate (preservative).","E101 - Riboflavin,E101i - Riboflavin,E170 - Calcium carbonate,E282 - Calcium propionate,E300 - Ascorbic acid,E375 - Nicotinic acid,E412 - Guar gum,E471 - Mono- and diglycerides of fatty acids,E472e - Mono- and diacetyltartaric acid esters of mono- and diglycerides of fatty acids,E516 - Calcium sulphate",b,1280.0,4.12,1.18,9.41,1.40462,55.29,0.0,2.4,0.553,0.0,0.0141,0.004,0.0004,0.003529,8.5e-05,0.00318
0078700801784,Multigrain Large Hamburger Buns,"Plant-based foods and beverages,Plant-based foods,Cereals and potatoes,Breads,Special breads,Hamburger buns","Whole wheat flour, water, enriched wheat flour [flour, malted barley flour, reduced iron, niacin, thiamin mononitrate (vitamin b1), riboflavin (vitamin b2), folic acid], sugar, wheat bran, wheat gluten, yeast, wheat, soybean oil, salt, oat bean, rye, molasses, barley, calcium propionate (preservative), grain vinegar, soy lecithin, datem, monoglycerides, calcium sulfate, monocalcium phosphate, cornstarch, citric acid, potassium iodate.","E101 - Riboflavin,E101i - Riboflavin,E282 - Calcium propionate,E322 - Lecithins,E322i - Lecithin,E330 - Citric acid,E341 - Calcium phosphates,E341i - Monocalcium phosphate,E375 - Nicotinic acid,E472e - Mono- and diacetyltartaric acid esters of mono- and diglycerides of fatty acids,E516 - Calcium sulphate,E917 - Potassium iodate",a,1075.0,2.7,6.76,10.81,1.06426,45.95,0.0,6.8,0.419,0.0,0.0,0.003,0.001838,0.002703,7.4e-05,0.00243
0085239127407,White Sliced Hamburger Buns,"Plant-based foods and beverages,Plant-based foods,Cereals and potatoes,Breads,Special breads,Hamburger buns","Enriched wheat flour (flour, malted barley flour, reduced iron, niacin, thiamin mononitrate (vitamin b1), riboflavin (vitamin b2), folic acid], water, high fructose corn syrup, yeast, soybean oil, wheat gluten salt, monoglycerides, calcium propionate (preservative), calcium sulfate, datem, grain vinegar, citric acid, potassium iodate, soy lecithin, sesame seeds.","E101 - Riboflavin,E101i - Riboflavin,E282 - Calcium propionate,E322 - Lecithins,E322i - Lecithin,E330 - Citric acid,E375 - Nicotinic acid,E472e - Mono- and diacetyltartaric acid esters of mono- and diglycerides of fatty acids,E516 - Calcium sulphate,E917 - Potassium iodate",b,1180.0,2.56,5.13,10.26,1.17348,51.28,0.0,2.6,0.462,0.0,0.0,0.004,0.002615,0.003077,3.9e-05,0.00277
0085239382837,Oven-Ready Lasagna,"Plant-based foods and beverages,Plant-based foods,Cereals and potatoes,Cereals and their products,Pastas","DURUM SEMOLINA, NIACIN, FERROUS SULFATE (IRON), THIAMIN MONONITRATE, RIBOFLAVIN, FOLIC ACID. CONTAINS _WHEAT_.","E101 - Riboflavin,E101i - Riboflavin,E375 - Nicotinic acid",a,1490.0,1.79,3.57,12.5,0.0,73.2,0.0,3.57,0.0,0.0,0.0,0.000937,0.000455,0.00714,0.000214,0.00321
0085239998168,Crispy Flakes with Red Berries Cereal,"Plant-based foods and beverages,Plant-based foods,Breakfasts,Cereals and potatoes,Cereals and their products,Breakfast cereals,Flakes,Cereal flakes,Wheat flakes","RICE, WHOLE GRAIN _WHEAT_, SUGAR, _WHEAT_ BRAN, FREEZE DRIED STRAWBERRIES, CORN SYRUP, SOLUBLE _WHEAT_ FIBER, SALT, MALT SYRUP, VITAMINS AND MINERALS: SODIUM ASCORBATE (VITAMIN C), ALPHA TOCOPHEROL ACETATE (VITAMIN E), REDUCED IRON, NIACINAMIDE, VITAMIN A PALMITATE, PYRIDOXINE HYDROCHLORIDE (VITAMIN B6), RIBOFLAVIN (VITAMIN B2), THIAMINE MONONITRATE (VITAMIN B1), FOLIC ACID, VITAMIN B12.","E101 - Riboflavin,E101i - Riboflavin,E301 - Sodium ascorbate",c,1480.0,0.0,29.0,6.45,1.23,87.1,0.0,9.68,0.484,0.00169,0.0677,0.00169,0.00192,0.0226,0.000452,0.0261
06326605,Frosted Flakes,"Plant-based foods and beverages,Plant-based foods,Breakfasts,Cereals and potatoes,Cereals and their products,Breakfast cereals,Flakes,Cereal flakes,Corn flakes","Milled corn, sugar, contains 2% or less: malt flavor, salt, BHT for freshness.  Vitamins and Minerals: iron, vitamin C (ascorbic acid and sodium ascorbate), niacinamide, vitamin B6 (pyridoxine hydrochloride, vitamin B2 (riboflavin), vitamin B1 (thiamin hydrochloride), vitamin A palmitate, folic acid, vitamin D, vitamin B12. ","E101 - Riboflavin,E101i - Riboflavin,E301 - Sodium ascorbate",d,1590.0,0.0,34.5,3.45,1.31,89.7,0.0,3.45,0.517,0.000517,0.0207,0.00129,0.00147,0.0172,0.000345,0.0155
0713733272360,"Hamburger Buns, Potato","Plant-based foods and beverages,Plant-based foods,Cereals and potatoes,Breads,Special breads,Hamburger buns","Enriched unbleached flour [wheat flour, malted barley flour, reduced iron, thiamine mononitrate (vitamin b1), riboflavin (vitamin b2), niacin (vitamin b3), folic acid], water, high fructose corn syrup, yeast, wheat gluten, dehydrated potato flakes, soybean oil, salt, monoglycerides, calcium propionate (a preservative), sodium stearoyl lactylate, yellow corn flour, spice oils (turmeric and annatto), natural & artificial flavor, calcium sulfate, citric acid, ascorbic acid.","E101 - Riboflavin,E101i - Riboflavin,E160b - Annatto,E282 - Calcium propionate,E300 - Ascorbic acid,E330 - Citric acid,E375 - Nicotinic acid,E481 - Sodium stearoyl-2-lactylate,E516 - Calcium sulphate",b,1046.0,3.41,6.82,9.09,1.1557,50.0,0.0,2.3,0.455,0.0,0.0,0.005,0.003091,0.003636,4.4e-05,0.00327
0719283739070,Seeded Hamburger Buns,"Plant-based foods and beverages,Plant-based foods,Cereals and potatoes,Breads,Special breads,Hamburger buns","Enriched unbleached flour [wheat flour, malted barley flour, reduced iron, thiamine mononitrate (vitamin b1), riboflavin (vitamin b2), niacin (vitamin b3), folic acid], water, high fructose corn syrup, yeast, soybean oil, salt, wheat gluten, monoglycerides, calcium propionate (a preservative), vinegar, citric acid, calcium sulfate, ascorbic acid; topped with sesame seeds.","E101 - Riboflavin,E101i - Riboflavin,E282 - Calcium propionate,E300 - Ascorbic acid,E330 - Citric acid,E375 - Nicotinic acid,E516 - Calcium sulphate",b,1167.0,4.65,4.65,9.3,1.06426,48.84,0.0,2.3,0.419,0.0,0.0,0.005,0.003163,0.004651,4.3e-05,0.00419
0722252660091,Chocolate Chip Peanut Crunch,"Sugary snacks,Bars","Organic brown rice syrup, organic rolled oats, soy protein isolate, organic cane syrup, organic peanut butter, rice flour, peanut flour, peanuts, organic soy flour, organic oat fiber, dried cane syrup, unsweetened chocolate++, organic date paste, organic roasted soybeans, natural flavors, sea salt, cocoa butter++, barley malt extract, vanilla extract, soy lecithin. vitamins & minerals: dicalcium phosphate, magnesium oxide, ascorbic acid (vit. c), dl-alpha tocopheryl acetate (vit. e), beta carotene (vit. a), niacinamide (vit. b3), ergocalciferol (vit. d2), thiamine mononitrate (vit. b1), pyridoxine hydrochloride (vit. b6), riboflavin (vit. b2), cyanocobalamin (vit. b12).","E101 - Riboflavin,E101i - Riboflavin,E160a - Alpha-carotene,E160ai - Beta-carotene,E300 - Ascorbic acid,E341 - Calcium phosphates,E341ii - Dicalcium phosphate,E530 - Magnesium oxide",c,1540.0,10.3,30.9,14.7,0.747,60.3,0.0,5.88,0.294,0.000662,0.0794,0.000221,0.000375,0.00441,0.000118,0.00265
0749826138015,Pure Protein Bar,"Sugary snacks,Bars","Chocolate Flavored Coating (Maltitol, Fractionated Palm Kernel Oil, _Whey_ Protein Concentrate, Cocoa [processed with alkali], Calcium Carbonate, Natural Flavors, _Soy_ Lecithin, Sucralose), Hydrolyzed Collagen, _Peanut_ Flour, Protein Blend (_Milk_ Protein Isolate, _Whey_ Protein Concentrate, _Whey_ Protein Isolate), Glycerin, Maltitol Syrup, _Soy_ Crisps (_Soy_ Protein Isolate, Tapioca Starch, _Soy_ Lecithin, Salt), Water, _Peanuts_, _Peanut_ Oil, Sucrose, Salt, Natural Flavor, Calcium Carbonate, Vitamin and Mineral Blend (Ascorbic Acid, d-Alpha Tocopheryl Acetate, Niacinamide, Zinc Oxide, Biotin, Copper Gluconate, d-Calcium Pantothenate, Potassium Iodide, Vitamin A Palmitate, Tricalcium Phosphate, Pyridoxine Hydrochloride, Thiamin Mononitrate, Riboflavin, Folic Acid, Cyanocobalamin), Sucralose, _Almond_ Butter, _Soy_ Lecithin.","E101 - Riboflavin,E101i - Riboflavin,E170 - Calcium carbonate,E300 - Ascorbic acid,E322 - Lecithins,E322i - Lecithin,E341 - Calcium phosphates,E341iii - Tricalcium phosphate,E422 - Glycerol,E955 - Sucralose,E965 - Maltitol,E965i - Maltitol,E965ii - Maltitol syrup",d,1670.0,12.0,4.0,40.0,1.02,32.0,0.02,2.0,0.4,0.00075,0.03,0.00075,0.00085,0.01,0.0002,0.00288
08748001,Goldfish Backed Snack Crackers Cheddar,"Salty snacks,Appetizers,Crackers","MADE WITH SMILES AND UNBLEACHED ENRICHED _WHEAT_ FLOUR (FLOUR, NIACIN, REDUCED IRON. THIAMINE MONONITRATE (VITAMIN B1), RIBOFLAVIN (VITAMIN B2), FOLIC ACID), CHEDDAR _CHEESE_ (CULTURED _MILK_, SALT, ENZYMES, ANNATTO), VEGETABLE OILS (CANOLA, SUNFLOWER AND/OR _SOYBEAN_), CONTAINS 2 PERCENT OR LESS OF: SALT, YEAST, SUGAR, AUTOLYZED YEAST, LEAVENING (BAKING SODA, MONOCALCIUM PHOSPHATE, AMMONIUM BICARBONATE), PAPRIKA, SPICES (CONTAINS _CELERY_) AND DEHYDRATED ONIONS.  ","E101 - Riboflavin,E101i - Riboflavin,E160b - Annatto,E341 - Calcium phosphates,E341i - Monocalcium phosphate,E375 - Nicotinic acid",d,1880.0,16.0,0.0,9.62,2.04,64.1,0.0321,3.21,0.802,0.0,0.0,0.000481,0.000545,0.00513,0.000128,0.00346
0884912003911,Honey Bunches of Oats,"Plant-based foods and beverages,Plant-based foods,Breakfasts,Cereals and potatoes,Cereals and their products,Breakfast cereals","CORN, WHOLE GRAIN _WHEAT_, SUGAR, WHOLE GRAIN ROLLED _OATS_, BROWN SUGAR, _ALMONDS_, RICE, CANOLA OIL, _WHEAT_ FLOUR, MALTED BARLEY FLOUR, CORN SYRUP, SALT, _WHEY_ (FROM _MILK_), MALTED CORN AND BARLEY SYRUP, WILDFLOWER HONEY, CARAMEL COLOR, CINNAMON, NATURAL AND ARTIFICIAL FLAVOR, ANNATTO EXTRACT (COLOR). BHT ADDED TO PACKAGING MATERIAL TO PRESERVE PRODUCT FRESHNESS. VITAMINS AND MINERALS: REDUCED IRON, NIACINAMIDE, VITAMIN B6, VITAMIN A PALMITATE, RIBOFLAVIN (VITAMIN B2), THIAMIN MONONITRATE (VITAMIN B1), ZINC OXIDE (SOURCE OF ZINC), FOLIC ACID, VITAMIN B12, VITAMIN 2.","E101 - Riboflavin,E101i - Riboflavin,E150a - Plain caramel",c,1700.0,7.81,18.8,6.25,1.07,81.2,0.0,6.25,0.422,0.000703,0.0,0.00117,0.00133,0.0156,0.000625,0.0338
0895059000619,Lasagne,"Plant-based foods and beverages,Plant-based foods,Cereals and potatoes,Cereals and their products,Pastas,Lasagne","SEMOLINA (_WHEAT_), DURUM _WHEAT_ FLOUR, NIACIN, IRON (FERROUS SULFATE), THIAMINE MONONITRATE, RIBOFLAVIN, FOLIC ACID.","E101 - Riboflavin,E101i - Riboflavin,E375 - Nicotinic acid",a,1510.0,2.0,4.0,14.0,0.0,74.0,0.0,4.0,0.0,0.0,0.0,0.00105,0.00051,0.006,0.00024,0.0036
6001306000514,Kellogg's Corn Flakes with Real Honey,"Plant-based foods and beverages,Plant-based foods,Breakfasts,Cereals and potatoes,Cereals and their products,Breakfast cereals,Flakes,Cereal flakes,Corn flakes","Corn (56.7%), Sugar, Honey (2%), Malt extract (_Barley_, _Gluten_), Salt, Honey flavouring, Folic acid, Niacin, Pantothenic acid, Vitamin A, Vitamin B1, Vitamin B2, Vitamin B6, Vitamin B12, Vitamin C, Iron","E101 - Riboflavin,E101i - Riboflavin,E375 - Nicotinic acid",d,1526.0,0.6,32.0,5.3,1.60528,86.0,0.0,2.1,0.632,0.00045,0.05,0.0006,0.0007,0.008,0.0002,0.009
